feasible,fit_seconds,fpr_gap,meta_best_iteration,model,objective,params_json,protocol_hint,stage,status,threshold,trial,val_f1,val_fpr,val_pr_auc,val_precision,val_recall
1,0.5466222749091685,0.0,242,xgboost,0.7598366163188135,"{""colsample_bytree"": 0.7610842781222339, ""gamma"": 0.010028859097904918, ""learning_rate"": 0.03743787253142941, ""max_bin"": 256, ""max_depth"": 11, ""min_child_weight"": 11.858165795746787, ""n_estimators"": 2796, ""reg_alpha"": 4.348384278587397, ""reg_lambda"": 36.173948464001214, ""subsample"": 0.80247493732627}",bluetooth,coarse,ok,0.9911856055259705,1,0.7736228878179711,0.006214585998903308,0.9671917697975116,0.9893899204244032,0.6351161858974359
1,0.10490989382378757,0.0,4,xgboost,1.0006363201830881,"{""colsample_bytree"": 0.6813227776370653, ""gamma"": 0.006225988370029791, ""learning_rate"": 0.02265522275783128, ""max_bin"": 384, ""max_depth"": 9, ""min_child_weight"": 23.526061207326638, ""n_estimators"": 1944, ""reg_alpha"": 0.002078544783808974, ""reg_lambda"": 3.5524315809865, ""subsample"": 0.7321357212335923}",bluetooth,coarse,ok,0.5532691478729248,2,0.9515083094856783,0.0,0.9825602139481937,1.0,0.9075020032051282
1,0.12771388492546976,0.0,67,xgboost,0.9888238790257047,"{""colsample_bytree"": 0.6941071952324397, ""gamma"": 0.7268938344623582, ""learning_rate"": 0.1367448889704411, ""max_bin"": 256, ""max_depth"": 9, ""min_child_weight"": 3.4290051491309113, ""n_estimators"": 2348, ""reg_alpha"": 0.4149332020551766, ""reg_lambda"": 35.39767102104762, ""subsample"": 0.8294250475490873}",bluetooth,coarse,ok,0.9929643869400024,3,0.986185124384392,0.004706634984463535,0.9941020897189584,0.9947521271717532,0.9777644230769231
1,0.16566368099302053,0.0,109,xgboost,0.04405453402109493,"{""colsample_bytree"": 0.7918993275385496, ""gamma"": 0.6279405689216259, ""learning_rate"": 0.014068007016058015, ""max_bin"": 384, ""max_depth"": 7, ""min_child_weight"": 17.956854594851606, ""n_estimators"": 3171, ""reg_alpha"": 0.004153333681271797, ""reg_lambda"": 1.9444152376031714, ""subsample"": 0.9951766326378078}",bluetooth,coarse,ok,inf,4,0.0,0.0,0.8810906804218985,0.0,0.0
1,0.12419735617004335,0.0,69,xgboost,1.0139766357105626,"{""colsample_bytree"": 0.6606996716578658, ""gamma"": 0.00040738810355855914, ""learning_rate"": 0.09936348066207762, ""max_bin"": 512, ""max_depth"": 7, ""min_child_weight"": 20.973845538826968, ""n_estimators"": 1623, ""reg_alpha"": 0.2792164952379008, ""reg_lambda"": 28.10845870342479, ""subsample"": 0.8030708025824881}",bluetooth,coarse,ok,0.9835334420204163,5,0.9645301804604853,0.0,0.9889291050015476,1.0,0.9314903846153846
1,0.10919954697601497,0.0,4,xgboost,1.032818177083597,"{""colsample_bytree"": 0.7034450637493558, ""gamma"": 0.03690527565620921, ""learning_rate"": 0.013332032093694926, ""max_bin"": 512, ""max_depth"": 10, ""min_child_weight"": 3.9403169553395445, ""n_estimators"": 1607, ""reg_alpha"": 0.35759458631152413, ""reg_lambda"": 41.03454619869026, ""subsample"": 0.7914551988367617}",bluetooth,coarse,ok,0.5285748839378357,6,0.9906051116274371,0.0007311277645768598,0.9904868620385677,0.9991848379865498,0.9821714743589743
1,0.1797669450752437,0.0,160,xgboost,0.9311238155569237,"{""colsample_bytree"": 0.8389189016770762, ""gamma"": 0.0002179873918350765, ""learning_rate"": 0.08564369902065005, ""max_bin"": 256, ""max_depth"": 12, ""min_child_weight"": 3.414634489165878, ""n_estimators"": 2397, ""reg_alpha"": 0.00016580262824257447, ""reg_lambda"": 0.09425862027228944, ""subsample"": 0.9060704570377807}",bluetooth,coarse,ok,0.9982506632804871,7,0.9279380341880342,0.004615244013891427,0.9867644301560754,0.9942193223443223,0.869941907051282
1,0.32509383116848767,0.0,312,xgboost,1.003120918323844,"{""colsample_bytree"": 0.7722687296654585, ""gamma"": 0.00025071850534492463, ""learning_rate"": 0.030206426772522568, ""max_bin"": 384, ""max_depth"": 5, ""min_child_weight"": 1.9315450533000353, ""n_estimators"": 1414, ""reg_alpha"": 5.332912292903469, ""reg_lambda"": 0.15825048927645635, ""subsample"": 0.766991060596341}",bluetooth,coarse,ok,0.9925965070724487,8,0.9930965231580269,0.003975507219886675,0.9955893472936787,0.9956208788443147,0.9905849358974359
1,0.3059052750468254,0.0,262,xgboost,1.0079384000379483,"{""colsample_bytree"": 0.8137718513812215, ""gamma"": 0.05704896523438163, ""learning_rate"": 0.01946359470851243, ""max_bin"": 384, ""max_depth"": 6, ""min_child_weight"": 1.6255475821994354, ""n_estimators"": 3037, ""reg_alpha"": 0.0849636609192165, ""reg_lambda"": 0.03285159053838375, ""subsample"": 0.65182961331527}",bluetooth,coarse,ok,0.993995726108551,9,0.9932953318434071,0.0035185523670261377,0.9965718372960507,0.9961218836565097,0.9904847756410257
1,0.11146471602842212,0.0,35,xgboost,1.0442823326621975,"{""colsample_bytree"": 0.8653117709669038, ""gamma"": 1.1642864944910463, ""learning_rate"": 0.14067742536839467, ""max_bin"": 384, ""max_depth"": 6, ""min_child_weight"": 1.4770986798792922, ""n_estimators"": 1812, ""reg_alpha"": 0.0009918370621436034, ""reg_lambda"": 0.005366398926805136, ""subsample"": 0.6558971924264416}",bluetooth,coarse,ok,0.9971861243247986,10,0.9949670340731793,4.5695485286053735e-05,0.9954450688375752,0.9999494183105716,0.9900340544871795
1,0.2443697878625244,0.0,264,xgboost,0.8844372814652682,"{""colsample_bytree"": 0.923304831887997, ""gamma"": 0.00025448122865417375, ""learning_rate"": 0.024177537836100927, ""max_bin"": 256, ""max_depth"": 11, ""min_child_weight"": 7.192110457982032, ""n_estimators"": 1535, ""reg_alpha"": 0.392690757253521, ""reg_lambda"": 0.005419785410187634, ""subsample"": 0.9970532525055915}",bluetooth,coarse,ok,0.9965840578079224,11,0.92562599893447,0.00904770608663864,0.985766867943693,0.9887320737536991,0.8700921474358975
1,0.2822081511840224,0.0,368,xgboost,0.9138280335196604,"{""colsample_bytree"": 0.8776046333153519, ""gamma"": 0.0038261979428780373, ""learning_rate"": 0.02491206034662307, ""max_bin"": 256, ""max_depth"": 4, ""min_child_weight"": 16.784768574640264, ""n_estimators"": 1810, ""reg_alpha"": 0.0012804342538395952, ""reg_lambda"": 72.19724123881521, ""subsample"": 0.9656722925595779}",bluetooth,coarse,ok,0.9900606870651245,12,0.9267277046686063,0.006214585998903308,0.9849237768017434,0.9922263503858245,0.8693409455128205
1,0.11072380794212222,0.0,32,xgboost,0.9389326984118014,"{""colsample_bytree"": 0.8737982574075556, ""gamma"": 0.3763985247877099, ""learning_rate"": 0.20013812890084115, ""max_bin"": 512, ""max_depth"": 5, ""min_child_weight"": 1.9662555194994678, ""n_estimators"": 2201, ""reg_alpha"": 0.0020508839405883428, ""reg_lambda"": 0.005228517529202362, ""subsample"": 0.5784206954689304}",bluetooth,refine,ok,0.9980233907699585,13,0.9806934195896088,0.009139097057210747,0.9926049878859992,0.98979800040808,0.9717548076923077
1,0.16929770121350884,0.0,138,xgboost,0.8865641585005375,"{""colsample_bytree"": 0.8011033803353407, ""gamma"": 0.5522233284078486, ""learning_rate"": 0.051429400027075425, ""max_bin"": 256, ""max_depth"": 5, ""min_child_weight"": 0.7395058613906438, ""n_estimators"": 2113, ""reg_alpha"": 0.0004705338103588273, ""reg_lambda"": 0.0069376757439928586, ""subsample"": 0.6053461454985893}",bluetooth,refine,ok,0.9993022680282593,14,0.9256920576559294,0.00881922866020837,0.9812877489338346,0.9890122402504982,0.8699919871794872
1,0.12431366695091128,0.0,52,xgboost,1.0453742926329086,"{""colsample_bytree"": 0.8472076426003419, ""gamma"": 1.814256879910219, ""learning_rate"": 0.1041671345523207, ""max_bin"": 512, ""max_depth"": 6, ""min_child_weight"": 0.7444136480868488, ""n_estimators"": 2191, ""reg_alpha"": 0.001423295005118899, ""reg_lambda"": 0.011268098003840914, ""subsample"": 0.563196022388576}",bluetooth,refine,ok,0.998250424861908,15,0.9960029161115161,4.5695485286053735e-05,0.9965666274850614,0.999949522992277,0.9920873397435898
1,0.10275602899491787,0.0,32,xgboost,0.04670565009987123,"{""colsample_bytree"": 0.8876791812839439, ""gamma"": 0.8819591586629185, ""learning_rate"": 0.21783719422814854, ""max_bin"": 256, ""max_depth"": 5, ""min_child_weight"": 0.7061972057358257, ""n_estimators"": 2215, ""reg_alpha"": 0.0050063587098330125, ""reg_lambda"": 0.005525247538038887, ""subsample"": 0.6993506580865136}",bluetooth,refine,ok,inf,16,0.0,0.0,0.9341130019974245,0.0,0.0
1,0.09491858212277293,0.0,5,xgboost,1.045147874597802,"{""colsample_bytree"": 0.7296074865172463, ""gamma"": 1.5812597108451438, ""learning_rate"": 0.12348309384391087, ""max_bin"": 256, ""max_depth"": 6, ""min_child_weight"": 1.0504238047681906, ""n_estimators"": 2304, ""reg_alpha"": 0.0022480473842324124, ""reg_lambda"": 0.01144715828143662, ""subsample"": 0.6708574436416577}",bluetooth,refine,ok,0.7061449289321899,17,0.9953713020728516,0.0,0.9955314504990096,1.0,0.9907852564102564
1,0.12954083899967372,0.0,79,xgboost,0.9665778328247582,"{""colsample_bytree"": 0.8643760510322998, ""gamma"": 2.3611693278666612, ""learning_rate"": 0.07256741566848132, ""max_bin"": 256, ""max_depth"": 8, ""min_child_weight"": 1.0494965602587336, ""n_estimators"": 2802, ""reg_alpha"": 0.001734272955618038, ""reg_lambda"": 0.01404996300437343, ""subsample"": 0.6368475304355141}",bluetooth,refine,ok,0.9982398748397827,18,0.9912302681032322,0.007402668616340705,0.9874850176986584,0.9918764416808745,0.9905849358974359
1,11.023466609884053,0.0,3869,catboost,1.0478927918182135,"{""bagging_temperature"": 5.5023497381668225, ""border_count"": 64, ""depth"": 6, ""iterations"": 4096, ""l2_leaf_reg"": 26.70783005970333, ""learning_rate"": 0.10513401490614928, ""random_strength"": 1.1030041304926295}",bluetooth,coarse,ok,0.9992092031786256,1,0.9997245386021586,0.00018278194114421494,0.9999214525499401,0.9997996493864263,0.9996494391025641
1,2.470409989822656,0.0,0,catboost,1.05,"{""bagging_temperature"": 0.21583783384525823, ""border_count"": 128, ""depth"": 10, ""iterations"": 4032, ""l2_leaf_reg"": 25.4139097674536, ""learning_rate"": 0.1149031460077298, ""random_strength"": 2.651899797847663}",bluetooth,coarse,ok,0.5101750683542801,2,1.0,0.0,1.0,1.0,1.0
1,3.103385081049055,0.0,792,catboost,1.0488584169966813,"{""bagging_temperature"": 2.4489243597075063, ""border_count"": 254, ""depth"": 5, ""iterations"": 2551, ""l2_leaf_reg"": 1.3260427784795872, ""learning_rate"": 0.030584065319747507, ""random_strength"": 1.8367769821072344}",bluetooth,coarse,ok,0.999606386233304,3,0.9997746112043274,9.139097057210747e-05,0.9999543099615009,0.9998998146571156,0.9996494391025641
1,1.3153090120758861,0.0,7,catboost,1.0352692173936262,"{""bagging_temperature"": 5.512568752193931, ""border_count"": 128, ""depth"": 6, ""iterations"": 3513, ""l2_leaf_reg"": 13.127449435679402, ""learning_rate"": 0.030685514549604772, ""random_strength"": 0.17197467156062654}",bluetooth,coarse,ok,0.8535025123500994,4,0.9857781389678992,0.0,0.9898215685145395,1.0,0.9719551282051282
1,1.6376243310514838,0.0,0,catboost,1.05,"{""bagging_temperature"": 5.392163603865976, ""border_count"": 254, ""depth"": 8, ""iterations"": 4126, ""l2_leaf_reg"": 2.4401764144818348, ""learning_rate"": 0.07182687352702657, ""random_strength"": 7.834911570714412}",bluetooth,coarse,ok,0.5341467062151479,5,1.0,0.0,1.0,1.0,1.0
1,1.590653978055343,0.0,0,catboost,1.05,"{""bagging_temperature"": 1.9712447635527313, ""border_count"": 254, ""depth"": 8, ""iterations"": 2367, ""l2_leaf_reg"": 1.6491049045550008, ""learning_rate"": 0.02017265685914492, ""random_strength"": 5.592218265341815}",bluetooth,coarse,ok,0.5114926557152942,6,1.0,0.0,1.0,1.0,1.0
1,1.979901822982356,0.0,0,catboost,1.05,"{""bagging_temperature"": 1.7117723170513606, ""border_count"": 254, ""depth"": 9, ""iterations"": 2996, ""l2_leaf_reg"": 24.72743680395678, ""learning_rate"": 0.024120390854526264, ""random_strength"": 1.7402035583981705}",bluetooth,coarse,ok,0.5021893654256663,7,1.0,0.0,1.0,1.0,1.0
1,1.583156700944528,0.0,50,catboost,1.049974957679725,"{""bagging_temperature"": 0.7766090679682467, ""border_count"": 128, ""depth"": 7, ""iterations"": 2591, ""l2_leaf_reg"": 1.4904725586044199, ""learning_rate"": 0.022360366781648194, ""random_strength"": 0.07324471432463182}",bluetooth,coarse,ok,0.9536087182630008,8,0.9999749593088769,0.0,0.9999999674169627,1.0,0.9999499198717948
1,1.261758339824155,0.0,0,catboost,1.0416082627927827,"{""bagging_temperature"": 2.4013133500360566, ""border_count"": 64, ""depth"": 5, ""iterations"": 3378, ""l2_leaf_reg"": 2.093675830493489, ""learning_rate"": 0.1836208150813254, ""random_strength"": 0.17414879793537233}",bluetooth,coarse,ok,0.8008321714461664,9,0.9918970087088225,0.0,0.9942250816792051,1.0,0.9839242788461539
1,1.4070591880008578,0.0,0,catboost,1.05,"{""bagging_temperature"": 5.174541851460715, ""border_count"": 128, ""depth"": 7, ""iterations"": 4599, ""l2_leaf_reg"": 2.432702186060962, ""learning_rate"": 0.08047360070747082, ""random_strength"": 2.723594747494427}",bluetooth,coarse,ok,0.6209628685640464,10,1.0,0.0,1.0,1.0,1.0
1,38.56625554501079,0.0,3111,catboost,1.0498479072165796,"{""bagging_temperature"": 2.1140375606977155, ""border_count"": 64, ""depth"": 10, ""iterations"": 3405, ""l2_leaf_reg"": 1.5119844403848741, ""learning_rate"": 0.1563847911132937, ""random_strength"": 0.05007553063921258}",bluetooth,coarse,ok,0.9997718211436661,11,0.9998497370398197,0.0,0.999963403535197,1.0,0.9996995192307693
1,16.315407396061346,0.0,1381,catboost,1.0492668184939478,"{""bagging_temperature"": 5.969737377557617, ""border_count"": 128, ""depth"": 10, ""iterations"": 1400, ""l2_leaf_reg"": 1.372975214366038, ""learning_rate"": 0.08302732694189899, ""random_strength"": 0.09314852001385458}",bluetooth,coarse,ok,0.9995430881464807,12,0.9997244972074035,4.5695485286053735e-05,0.9999855227880977,0.9999498972894434,0.9994991987179487
1,1.8724594379309565,0.0,0,catboost,1.05,"{""bagging_temperature"": 0.764377392864013, ""border_count"": 128, ""depth"": 9, ""iterations"": 4856, ""l2_leaf_reg"": 23.222284112519105, ""learning_rate"": 0.18919509818908228, ""random_strength"": 4.360173226783022}",bluetooth,refine,ok,0.5181555928698881,13,1.0,0.0,1.0,1.0,1.0
1,4.229294219985604,0.0,0,catboost,1.05,"{""bagging_temperature"": 0.0, ""border_count"": 128, ""depth"": 11, ""iterations"": 4396, ""l2_leaf_reg"": 51.846324270976176, ""learning_rate"": 0.18261029758057076, ""random_strength"": 5.728232499921573}",bluetooth,refine,ok,0.5083556507539589,14,1.0,0.0,1.0,1.0,1.0
1,2.3670959509909153,0.0,0,catboost,1.05,"{""bagging_temperature"": 0.1826481132053775, ""border_count"": 254, ""depth"": 10, ""iterations"": 4604, ""l2_leaf_reg"": 16.63010899938238, ""learning_rate"": 0.10418251763382941, ""random_strength"": 3.765688629841184}",bluetooth,refine,ok,0.507221997396192,15,1.0,0.0,1.0,1.0,1.0
1,1.9655395790468901,0.0,0,catboost,1.05,"{""bagging_temperature"": 0.6310542286049368, ""border_count"": 128, ""depth"": 9, ""iterations"": 3913, ""l2_leaf_reg"": 16.898360509798145, ""learning_rate"": 0.17792264831704988, ""random_strength"": 3.0046355099987805}",bluetooth,refine,ok,0.5225258156596768,16,1.0,0.0,1.0,1.0,1.0
1,3.4723042838741094,0.0,0,catboost,1.05,"{""bagging_temperature"": 0.0, ""border_count"": 128, ""depth"": 11, ""iterations"": 3124, ""l2_leaf_reg"": 18.13766202425034, ""learning_rate"": 0.13544188611693822, ""random_strength"": 5.009795040020919}",bluetooth,refine,ok,0.5161425173929932,17,1.0,0.0,1.0,1.0,1.0
1,3.239781501935795,0.0,0,catboost,1.05,"{""bagging_temperature"": 0.0, ""border_count"": 128, ""depth"": 11, ""iterations"": 3672, ""l2_leaf_reg"": 11.708199098835701, ""learning_rate"": 0.07924275048139542, ""random_strength"": 6.519595731670105}",bluetooth,refine,ok,0.5136006973488652,18,1.0,0.0,1.0,1.0,1.0
1,1.236722590168938,0.0,1,lightgbm,0.02412984746526599,"{""colsample_bytree"": 0.7550276767544056, ""learning_rate"": 0.024365921953296964, ""max_depth"": -1, ""min_child_samples"": 124, ""min_split_gain"": 0.29315760807056, ""n_estimators"": 1635, ""num_leaves"": 117, ""reg_alpha"": 0.009082814761926131, ""reg_lambda"": 33.69356611069478, ""subsample"": 0.8829224378291133, ""subsample_freq"": 1}",bluetooth,coarse,ok,inf,1,0.0,0.0,0.4825969493053197,0.0,0.0
1,0.5542947500944138,0.0,1,lightgbm,0.024131235990630856,"{""colsample_bytree"": 0.6568123080492704, ""learning_rate"": 0.05201710467893842, ""max_depth"": 6, ""min_child_samples"": 43, ""min_split_gain"": 0.25908385760598973, ""n_estimators"": 4725, ""num_leaves"": 317, ""reg_alpha"": 0.6497968581959594, ""reg_lambda"": 0.008549686816400132, ""subsample"": 0.9778656987334209, ""subsample_freq"": 1}",bluetooth,coarse,ok,inf,2,0.0,0.0,0.48262471981261706,0.0,0.0
1,0.5560107210185379,0.0,1,lightgbm,0.024131068345397633,"{""colsample_bytree"": 0.8407679509582456, ""learning_rate"": 0.05338764195777822, ""max_depth"": 12, ""min_child_samples"": 239, ""min_split_gain"": 0.44852724644126674, ""n_estimators"": 1484, ""num_leaves"": 249, ""reg_alpha"": 0.11392775400242552, ""reg_lambda"": 0.014887957527628863, ""subsample"": 0.8984568172855935, ""subsample_freq"": 1}",bluetooth,coarse,ok,inf,3,0.0,0.0,0.4826213669079526,0.0,0.0
1,0.5822464048396796,0.0,1,lightgbm,0.024131209864931048,"{""colsample_bytree"": 0.909032340813247, ""learning_rate"": 0.02439753879717231, ""max_depth"": 14, ""min_child_samples"": 151, ""min_split_gain"": 0.6963317510196115, ""n_estimators"": 1341, ""num_leaves"": 84, ""reg_alpha"": 0.00024915197655755365, ""reg_lambda"": 0.27983903046700853, ""subsample"": 0.9477341781768618, ""subsample_freq"": 1}",bluetooth,coarse,ok,inf,4,0.0,0.0,0.48262419729862094,0.0,0.0
1,0.5530726241413504,0.0,1,lightgbm,0.02412984746526599,"{""colsample_bytree"": 0.7560269400211725, ""learning_rate"": 0.020304944515059074, ""max_depth"": 14, ""min_child_samples"": 113, ""min_split_gain"": 0.121349314569134, ""n_estimators"": 4414, ""num_leaves"": 194, ""reg_alpha"": 0.0019135667086392558, ""reg_lambda"": 19.238824486085857, ""subsample"": 0.8532523443998744, ""subsample_freq"": 1}",bluetooth,coarse,ok,inf,5,0.0,0.0,0.4825969493053197,0.0,0.0
1,0.554009921150282,0.0,1,lightgbm,0.024131289087226518,"{""colsample_bytree"": 0.9503340183656748, ""learning_rate"": 0.020585215976505488, ""max_depth"": 10, ""min_child_samples"": 164, ""min_split_gain"": 0.9516539329769568, ""n_estimators"": 3901, ""num_leaves"": 112, ""reg_alpha"": 0.016989401504837763, ""reg_lambda"": 0.5808973251549507, ""subsample"": 0.7287617754169418, ""subsample_freq"": 1}",bluetooth,coarse,ok,inf,6,0.0,0.0,0.48262578174453036,0.0,0.0
1,0.5595846329815686,0.0,1,lightgbm,0.02412984746526599,"{""colsample_bytree"": 0.9817355012343092, ""learning_rate"": 0.021091772526539095, ""max_depth"": 6, ""min_child_samples"": 332, ""min_split_gain"": 0.5521019092791467, ""n_estimators"": 4812, ""num_leaves"": 145, ""reg_alpha"": 0.012659543151025347, ""reg_lambda"": 5.491287023534886, ""subsample"": 0.9967471845854323, ""subsample_freq"": 1}",bluetooth,coarse,ok,inf,7,0.0,0.0,0.4825969493053197,0.0,0.0
1,0.5472793010994792,0.0,1,lightgbm,0.02412984746526599,"{""colsample_bytree"": 0.8523801636055972, ""learning_rate"": 0.05047899060615863, ""max_depth"": 6, ""min_child_samples"": 317, ""min_split_gain"": 0.842989456172417, ""n_estimators"": 3139, ""num_leaves"": 214, ""reg_alpha"": 0.0016640217503152235, ""reg_lambda"": 20.267984973912384, ""subsample"": 0.6966243057859832, ""subsample_freq"": 1}",bluetooth,coarse,ok,inf,8,0.0,0.0,0.4825969493053197,0.0,0.0
1,0.5619215171318501,0.0,1,lightgbm,0.024131292184586258,"{""colsample_bytree"": 0.7924547476793198, ""learning_rate"": 0.03927225087114628, ""max_depth"": -1, ""min_child_samples"": 221, ""min_split_gain"": 0.6591748499426606, ""n_estimators"": 2545, ""num_leaves"": 204, ""reg_alpha"": 0.016341275562977063, ""reg_lambda"": 0.1297920064972834, ""subsample"": 0.8593451269883217, ""subsample_freq"": 1}",bluetooth,coarse,ok,inf,9,0.0,0.0,0.4826258436917251,0.0,0.0
1,0.5610873908735812,0.0,1,lightgbm,0.02412984746526599,"{""colsample_bytree"": 0.6525992606156937, ""learning_rate"": 0.062154431643681445, ""max_depth"": 12, ""min_child_samples"": 60, ""min_split_gain"": 0.05548081157003759, ""n_estimators"": 4691, ""num_leaves"": 54, ""reg_alpha"": 8.171280453230427, ""reg_lambda"": 23.382748656730904, ""subsample"": 0.8773076549586651, ""subsample_freq"": 1}",bluetooth,coarse,ok,inf,10,0.0,0.0,0.4825969493053197,0.0,0.0
1,0.5515929299872369,0.0,1,lightgbm,0.02413105603280273,"{""colsample_bytree"": 0.8810316973331002, ""learning_rate"": 0.05611264505929237, ""max_depth"": 12, ""min_child_samples"": 141, ""min_split_gain"": 0.3984520005161112, ""n_estimators"": 1967, ""num_leaves"": 164, ""reg_alpha"": 0.192776581160148, ""reg_lambda"": 2.4433330484622653, ""subsample"": 0.8029605181463747, ""subsample_freq"": 1}",bluetooth,coarse,ok,inf,11,0.0,0.0,0.4826211206560546,0.0,0.0
1,0.5529809792060405,0.0,1,lightgbm,0.02412984746526599,"{""colsample_bytree"": 0.7069433277929703, ""learning_rate"": 0.07334852410682503, ""max_depth"": 12, ""min_child_samples"": 243, ""min_split_gain"": 0.2075984985001773, ""n_estimators"": 2830, ""num_leaves"": 35, ""reg_alpha"": 0.0737631251529401, ""reg_lambda"": 6.616192886946269, ""subsample"": 0.8472807818063388, ""subsample_freq"": 1}",bluetooth,coarse,ok,inf,12,0.0,0.0,0.4825969493053197,0.0,0.0
1,0.5511638491880149,0.0,1,lightgbm,0.024130884456637386,"{""colsample_bytree"": 0.8188497407646294, ""learning_rate"": 0.04602930860151262, ""max_depth"": 6, ""min_child_samples"": 274, ""min_split_gain"": 0.7003598584939063, ""n_estimators"": 1935, ""num_leaves"": 219, ""reg_alpha"": 0.02025204944876681, ""reg_lambda"": 0.08661710168021892, ""subsample"": 0.7734469400776753, ""subsample_freq"": 1}",bluetooth,refine,ok,inf,13,0.0,0.0,0.4826176891327477,0.0,0.0
1,0.581428132019937,0.0,1,lightgbm,0.02413106816956777,"{""colsample_bytree"": 0.8531570446012932, ""learning_rate"": 0.025174684820860434, ""max_depth"": -1, ""min_child_samples"": 174, ""min_split_gain"": 0.6702945742192364, ""n_estimators"": 2883, ""num_leaves"": 190, ""reg_alpha"": 0.006738237085091101, ""reg_lambda"": 0.15739250456830775, ""subsample"": 0.9305928267144238, ""subsample_freq"": 1}",bluetooth,refine,ok,inf,14,0.0,0.0,0.4826213633913554,0.0,0.0
1,0.5502239570487291,0.0,1,lightgbm,0.024130940535137767,"{""colsample_bytree"": 0.7016655436660937, ""learning_rate"": 0.07413776554064148, ""max_depth"": 12, ""min_child_samples"": 244, ""min_split_gain"": 1.0631734327749975, ""n_estimators"": 2470, ""num_leaves"": 172, ""reg_alpha"": 0.01366331755583448, ""reg_lambda"": 0.12041140054228978, ""subsample"": 0.8175261397473255, ""subsample_freq"": 1}",bluetooth,refine,ok,inf,15,0.0,0.0,0.4826188107027553,0.0,0.0
1,0.5556236819829792,0.0,1,lightgbm,0.024131292184586258,"{""colsample_bytree"": 0.8270740609541567, ""learning_rate"": 0.03638558811185699, ""max_depth"": 8, ""min_child_samples"": 192, ""min_split_gain"": 0.4627512438299258, ""n_estimators"": 2512, ""num_leaves"": 224, ""reg_alpha"": 0.017665746431219067, ""reg_lambda"": 0.13227373410317556, ""subsample"": 0.7601547536364833, ""subsample_freq"": 1}",bluetooth,refine,ok,inf,16,0.0,0.0,0.4826258436917251,0.0,0.0
1,0.5644294819794595,0.0,1,lightgbm,0.024131097229617746,"{""colsample_bytree"": 0.765396449714925, ""learning_rate"": 0.03736430723869923, ""max_depth"": 8, ""min_child_samples"": 188, ""min_split_gain"": 0.49587643129857384, ""n_estimators"": 2575, ""num_leaves"": 186, ""reg_alpha"": 0.017483462570320622, ""reg_lambda"": 0.12333700488557153, ""subsample"": 0.8885405158713048, ""subsample_freq"": 1}",bluetooth,refine,ok,inf,17,0.0,0.0,0.4826219445923549,0.0,0.0
1,0.558757278136909,0.0,1,lightgbm,0.02413101279953475,"{""colsample_bytree"": 0.7790229230687701, ""learning_rate"": 0.05244860317001065, ""max_depth"": 12, ""min_child_samples"": 230, ""min_split_gain"": 0.6472142293185656, ""n_estimators"": 2721, ""num_leaves"": 166, ""reg_alpha"": 0.011525891998443017, ""reg_lambda"": 0.1521860083208168, ""subsample"": 0.8444114873039792, ""subsample_freq"": 1}",bluetooth,refine,ok,inf,18,0.0,0.0,0.482620255990695,0.0,0.0
1,11.169715580064803,0.0,,complex_mlp,1.0493706096914848,"{""batch_size"": 65536, ""depth"": 4, ""dropout"": 0.11050549614454053, ""lr"": 0.0002261680382706081, ""weight_decay"": 0.00016765281355586838, ""width"": 512}",bluetooth,coarse,ok,0.08915919810533524,1,0.9993736062739595,0.0,0.9999400683505038,1.0,0.9987479967948718
1,7.64967419905588,0.0,,complex_mlp,1.0489797711476168,"{""batch_size"": 65536, ""depth"": 3, ""dropout"": 0.3271846095586477, ""lr"": 0.00013344913695115948, ""weight_decay"": 1.0081565554870504e-05, ""width"": 256}",bluetooth,coarse,ok,0.04548631235957146,2,0.9989973932223782,0.0,0.999647558504771,1.0,0.9979967948717948
1,6.429114842088893,0.0,,complex_mlp,1.0493190480025092,"{""batch_size"": 32768, ""depth"": 4, ""dropout"": 0.31425100538715733, ""lr"": 0.00010674190105753501, ""weight_decay"": 1.8537685694226683e-07, ""width"": 384}",bluetooth,coarse,ok,0.060263391584157944,3,0.9993234608734872,0.0,0.9999117425804404,1.0,0.9986478365384616
1,7.6440828731283545,0.0,,complex_mlp,1.049544255428846,"{""batch_size"": 65536, ""depth"": 2, ""dropout"": 0.1887026345589319, ""lr"": 0.0018236953017160135, ""weight_decay"": 2.576610813667392e-06, ""width"": 256}",bluetooth,coarse,ok,0.23685911297798157,4,0.9995490756049902,0.0,0.9999035964771167,1.0,0.9990985576923077
1,3.353018681984395,0.0,,complex_mlp,1.049443942182769,"{""batch_size"": 16384, ""depth"": 3, ""dropout"": 0.164352213091565, ""lr"": 0.00047206403682544955, ""weight_decay"": 6.765101474374522e-07, ""width"": 512}",bluetooth,coarse,ok,0.15465369820594788,5,0.9994488149521471,0.0,0.9999025446124403,1.0,0.9988982371794872
1,6.297808628063649,0.0,,complex_mlp,1.049771583591299,"{""batch_size"": 32768, ""depth"": 3, ""dropout"": 0.14608690811808267, ""lr"": 0.0006509421815041761, ""weight_decay"": 0.0003445056269246217, ""width"": 384}",bluetooth,coarse,ok,0.3145224452018738,6,0.9997745886242393,0.0,0.9999398993411946,1.0,0.9995492788461539
1,7.653819601982832,0.0,,complex_mlp,1.0491370561267757,"{""batch_size"": 65536, ""depth"": 4, ""dropout"": 0.25235807876289723, ""lr"": 0.00010134984530669414, ""weight_decay"": 4.562283670930573e-06, ""width"": 256}",bluetooth,coarse,ok,0.0799718126654625,7,0.9991479123853441,0.0,0.9997828748286335,1.0,0.9982972756410257
1,7.609306659083813,0.0,,complex_mlp,1.049291860568201,"{""batch_size"": 65536, ""depth"": 3, ""dropout"": 0.14931565743057248, ""lr"": 0.0001615920637018107, ""weight_decay"": 2.1245392054230976e-05, ""width"": 640}",bluetooth,coarse,ok,0.0844266265630722,8,0.9992983862884635,0.0,0.9998694855947485,1.0,0.9985977564102564
1,7.579991401871666,0.0,,complex_mlp,1.0495160798951042,"{""batch_size"": 65536, ""depth"": 3, ""dropout"": 0.13435159092038748, ""lr"": 0.0007639441103778272, ""weight_decay"": 0.00023162206245776044, ""width"": 384}",bluetooth,refine,ok,0.35920876264572144,9,0.9995240123255755,0.0,0.9998413513905736,1.0,0.9990484775641025
1,5.715149858035147,0.0,,complex_mlp,1.0497966422893712,"{""batch_size"": 16384, ""depth"": 3, ""dropout"": 0.14812446438696636, ""lr"": 0.00046666897283317404, ""weight_decay"": 0.0003091258563641667, ""width"": 384}",bluetooth,refine,ok,0.16395872831344604,10,0.9997996393508315,0.0,0.9999400587707933,1.0,0.9995993589743589
1,3.724763527046889,0.0,,complex_mlp,1.0494456391171505,"{""batch_size"": 16384, ""depth"": 3, ""dropout"": 0.1299421777671438, ""lr"": 0.0004970398335575083, ""weight_decay"": 0.00016759144953344077, ""width"": 512}",bluetooth,refine,ok,0.2872569262981415,11,0.9994488149521471,0.0,0.9999364833000673,1.0,0.9988982371794872
1,5.021713350201026,0.0,,complex_mlp,1.0497706635196524,"{""batch_size"": 16384, ""depth"": 3, ""dropout"": 0.055184114546271715, ""lr"": 0.00044297224263399837, ""weight_decay"": 0.00010833233370505722, ""width"": 384}",bluetooth,refine,ok,0.21237704157829285,12,0.9997745886242393,0.0,0.9999214979082627,1.0,0.9995492788461539
1,2.251680670073256,0.0,890,xgboost,1.0449785317885247,"{""colsample_bytree"": 0.8786776956030992, ""gamma"": 0.0251243224488557, ""learning_rate"": 0.04150384876160038, ""max_bin"": 256, ""max_depth"": 4, ""min_child_weight"": 0.8997968057437559, ""n_estimators"": 2839, ""reg_alpha"": 0.04418272351332807, ""reg_lambda"": 0.010862749493999724, ""subsample"": 0.8649270351428118}",mqtt,coarse,ok,0.3858772814273834,1,0.9995340566549071,0.00045554627590919445,0.9999987578541915,0.999657631954351,0.9994105119038564
1,1.8181297210976481,0.0,432,xgboost,1.0468507527393307,"{""colsample_bytree"": 0.8622754492459435, ""gamma"": 0.00026106980237664896, ""learning_rate"": 0.09234159687179823, ""max_bin"": 512, ""max_depth"": 8, ""min_child_weight"": 32.90501930671524, ""n_estimators"": 1710, ""reg_alpha"": 0.2320556116761927, ""reg_lambda"": 2.252751212153812, ""subsample"": 0.7790927432806265}",mqtt,coarse,ok,0.4878806471824646,2,0.9993817237541733,0.00025308126439399693,0.9999968325819472,0.9998096796909198,0.9989541340229711
1,3.7415448878891766,0.0,2343,xgboost,1.0454371001555183,"{""colsample_bytree"": 0.6604673306577502, ""gamma"": 0.0008116023287848712, ""learning_rate"": 0.012032198516715794, ""max_bin"": 256, ""max_depth"": 4, ""min_child_weight"": 1.6976735436364194, ""n_estimators"": 2357, ""reg_alpha"": 0.013854735464684216, ""reg_lambda"": 0.04675026520669811, ""subsample"": 0.8051707702913395}",mqtt,coarse,ok,0.4211485981941223,3,0.9994864674667631,0.00040493002303039504,0.9999986583811827,0.9996956207434463,0.9992774016885981
1,1.4292616941966116,0.0,228,xgboost,1.0445636219256418,"{""colsample_bytree"": 0.710770352106502, ""gamma"": 3.468097062318216, ""learning_rate"": 0.0697479654803996, ""max_bin"": 384, ""max_depth"": 8, ""min_child_weight"": 22.171369103823164, ""n_estimators"": 1898, ""reg_alpha"": 0.15207966709759105, ""reg_lambda"": 6.66647910051654, ""subsample"": 0.9505350809734119}",mqtt,coarse,ok,0.37339332699775696,4,0.9993723133107619,0.0004808544023485941,0.9999970527673151,0.9996385083713851,0.9991062599832662
1,1.6604793949518353,0.0,150,xgboost,1.0447159477070536,"{""colsample_bytree"": 0.7529839364780667, ""gamma"": 0.0017441888505823205, ""learning_rate"": 0.09860615300852638, ""max_bin"": 512, ""max_depth"": 9, ""min_child_weight"": 1.2711172613992399, ""n_estimators"": 1595, ""reg_alpha"": 0.009562148885302713, ""reg_lambda"": 0.028468732162618072, ""subsample"": 0.9996509535508171}",mqtt,coarse,ok,0.40791377425193787,5,0.9995245521281046,0.0004808544023485941,0.9999987920486979,0.9996386183810103,0.9994105119038564
1,2.8763281118590385,0.0,936,xgboost,1.0421471687832298,"{""colsample_bytree"": 0.6611098292926406, ""gamma"": 0.00020984320210385565, ""learning_rate"": 0.017482604405549378, ""max_bin"": 384, ""max_depth"": 7, ""min_child_weight"": 1.5259518788390458, ""n_estimators"": 2163, ""reg_alpha"": 0.12054924117063172, ""reg_lambda"": 0.049870497016580945, ""subsample"": 0.7796688781951638}",mqtt,coarse,ok,0.30127617716789246,6,0.9994865944095835,0.0007339356667425911,0.9999986208214403,0.9994485853361728,0.9995246063740777
1,1.701322984881699,0.0,282,xgboost,1.0438615458546348,"{""colsample_bytree"": 0.7221540623949183, ""gamma"": 0.00046839829284389933, ""learning_rate"": 0.09831664508015996, ""max_bin"": 512, ""max_depth"": 8, ""min_child_weight"": 11.470993822256306, ""n_estimators"": 2472, ""reg_alpha"": 5.435856912312574, ""reg_lambda"": 0.5987730964849185, ""subsample"": 0.7187610254670818}",mqtt,coarse,ok,0.3613088130950928,7,0.999429440852035,0.0005567787816667932,0.9999978563853564,0.9995815262877578,0.9992774016885981
1,1.6385798940900713,0.0,256,xgboost,1.0436370469487606,"{""colsample_bytree"": 0.739407752293565, ""gamma"": 0.1577148188205859, ""learning_rate"": 0.06295828399159593, ""max_bin"": 384, ""max_depth"": 6, ""min_child_weight"": 4.5540879701828665, ""n_estimators"": 3003, ""reg_alpha"": 0.058921752697600374, ""reg_lambda"": 0.005820494158756803, ""subsample"": 0.8808939856603367}",mqtt,coarse,ok,0.3686813414096832,8,0.9994579945799458,0.0005820869081061929,0.999998428997537,0.999562546360576,0.9993534646687458
1,1.582642454886809,0.0,228,xgboost,1.0427635998097122,"{""colsample_bytree"": 0.9531401363222932, ""gamma"": 0.003898586972350391, ""learning_rate"": 0.04660117486325538, ""max_bin"": 384, ""max_depth"": 8, ""min_child_weight"": 25.33494726007447, ""n_estimators"": 1321, ""reg_alpha"": 0.23086766441810397, ""reg_lambda"": 0.4935497958480929, ""subsample"": 0.9628098721831546}",mqtt,coarse,ok,0.3344050645828247,9,0.9993438507403075,0.000658011287424392,0.9999972388729729,0.9995054307507941,0.9991823229634137
1,2.3058844909537584,0.0,526,xgboost,1.041096835456938,"{""colsample_bytree"": 0.8252657609277251, ""gamma"": 0.001014657936988357, ""learning_rate"": 0.03794899914833756, ""max_bin"": 384, ""max_depth"": 9, ""min_child_weight"": 2.1365490760968675, ""n_estimators"": 1753, ""reg_alpha"": 0.00011696897189303898, ""reg_lambda"": 4.324479760087122, ""subsample"": 0.6853867786458078}",mqtt,coarse,ok,0.27503886818885803,10,0.9994485853361728,0.0008351681725001898,0.9999986369153467,0.9993725758612823,0.9995246063740777
1,1.4436589700635523,0.0,101,xgboost,1.042080568332465,"{""colsample_bytree"": 0.9175319612012912, ""gamma"": 0.0005457439883517747, ""learning_rate"": 0.14142745838203147, ""max_bin"": 384, ""max_depth"": 7, ""min_child_weight"": 2.103357818882276, ""n_estimators"": 1401, ""reg_alpha"": 0.024831414634467402, ""reg_lambda"": 0.010247446858724108, ""subsample"": 0.726935462909146}",mqtt,coarse,ok,0.3555386960506439,11,0.9994200032327689,0.0007339356667425911,0.9999984353424392,0.9994485119330607,0.9993914961588195
1,1.9791335549671203,0.0,703,xgboost,1.0412261228954958,"{""colsample_bytree"": 0.8308796169167606, ""gamma"": 0.0010618054256434325, ""learning_rate"": 0.020843167948720667, ""max_bin"": 256, ""max_depth"": 4, ""min_child_weight"": 26.499071568074108, ""n_estimators"": 2047, ""reg_alpha"": 0.000545119767722411, ""reg_lambda"": 0.4222300123833019, ""subsample"": 0.7576140996506112}",mqtt,coarse,ok,0.24463675916194916,12,0.999324896119579,0.0008098600460607901,0.9999965447304937,0.9993914151499591,0.9992583859435613
1,1.7328052180819213,0.0,444,xgboost,1.0444493250053482,"{""colsample_bytree"": 0.7737078077167693, ""gamma"": 0.0003026705389252641, ""learning_rate"": 0.13711269202513277, ""max_bin"": 512, ""max_depth"": 8, ""min_child_weight"": 60.953771349395396, ""n_estimators"": 2106, ""reg_alpha"": 0.20186454600049872, ""reg_lambda"": 2.1771773417635387, ""subsample"": 0.8992194331013037}",mqtt,refine,ok,0.4162291884422302,13,0.9992581037893775,0.0004808544023485941,0.9999953047891301,0.9996384258202025,0.9988780710428234
1,1.4851056360639632,0.0,142,xgboost,1.0436179689377445,"{""colsample_bytree"": 0.8246060670275173, ""gamma"": 0.00031897202812443973, ""learning_rate"": 0.11111258183395996, ""max_bin"": 512, ""max_depth"": 8, ""min_child_weight"": 21.655927676438793, ""n_estimators"": 2190, ""reg_alpha"": 0.18178975080123094, ""reg_lambda"": 3.245133571007785, ""subsample"": 0.8474372542707214}",mqtt,refine,ok,0.32551488280296326,14,0.9994389661763168,0.0005820869081061929,0.9999974368497929,0.9995625297194484,0.9993154331786719
1,2.137911817058921,0.0,849,xgboost,1.0436329908988362,"{""colsample_bytree"": 0.8450660960752052, ""gamma"": 0.000417278577774473, ""learning_rate"": 0.12972251701535595, ""max_bin"": 512, ""max_depth"": 6, ""min_child_weight"": 64.0, ""n_estimators"": 1755, ""reg_alpha"": 0.4092297876270565, ""reg_lambda"": 1.975249092427235, ""subsample"": 0.7716514299663904}",mqtt,refine,ok,0.3678053319454193,15,0.9992010348500989,0.0005567787816667932,0.9999948773081078,0.9995813351602345,0.9988210238077128
1,1.6165215601213276,0.0,302,xgboost,1.0437853950151925,"{""colsample_bytree"": 0.8686043180124241, ""gamma"": 0.00028203443309428826, ""learning_rate"": 0.15921786664704785, ""max_bin"": 384, ""max_depth"": 6, ""min_child_weight"": 21.70983046815359, ""n_estimators"": 1632, ""reg_alpha"": 0.17915873677508726, ""reg_lambda"": 1.9043511143181935, ""subsample"": 0.8436275102126873}",mqtt,refine,ok,0.35264164209365845,16,0.9993533171028606,0.0005567787816667932,0.9999973145799972,0.9995814625979758,0.999125275728303
1,1.7724733201321214,0.0,493,xgboost,1.0450030987356032,"{""colsample_bytree"": 0.9528583303143983, ""gamma"": 0.0004165038156189003, ""learning_rate"": 0.09507613470823417, ""max_bin"": 384, ""max_depth"": 7, ""min_child_weight"": 43.74112030052183, ""n_estimators"": 1473, ""reg_alpha"": 0.06960891173690632, ""reg_lambda"": 3.8819673075152865, ""subsample"": 0.85843604997296}",mqtt,refine,ok,0.4117480516433716,17,0.9993056678429098,0.0004302381494697948,0.9999962477478261,0.9996764924166016,0.9989351182779341
1,1.758872653124854,0.0,432,xgboost,1.0452656957941244,"{""colsample_bytree"": 0.8159432722171605, ""gamma"": 0.0003371987092649995, ""learning_rate"": 0.05613507093062402, ""max_bin"": 384, ""max_depth"": 6, ""min_child_weight"": 32.15317988987241, ""n_estimators"": 1487, ""reg_alpha"": 0.5306620914819817, ""reg_lambda"": 3.5920356245685725, ""subsample"": 0.7900818929220735}",mqtt,refine,ok,0.44219252467155457,18,0.9993151727286562,0.00040493002303039504,0.9999964659154427,0.9996955164801705,0.9989351182779341
1,2.6425879229791462,0.0,619,catboost,1.0431023531887718,"{""bagging_temperature"": 2.2962099834449656, ""border_count"": 64, ""depth"": 6, ""iterations"": 3090, ""l2_leaf_reg"": 1.2191582301153963, ""learning_rate"": 0.0639845202385478, ""random_strength"": 1.990884761937767}",mqtt,coarse,ok,0.34985811620195917,1,0.9994294734039518,0.0006327031609849922,0.999998227893397,0.9995245159572445,0.9993344489237088
1,3.594384056981653,0.0,774,catboost,1.0479582768262112,"{""bagging_temperature"": 2.8110561574143276, ""border_count"": 128, ""depth"": 6, ""iterations"": 4033, ""l2_leaf_reg"": 11.588348885561135, ""learning_rate"": 0.09604787470858613, ""random_strength"": 0.7073419722821656}",mqtt,coarse,ok,0.7192559522541976,2,0.9994768531288939,0.00015184875863639814,0.9999982256736264,0.9998858121610048,0.9990682284931923
1,3.1629990229848772,0.0,553,catboost,1.0465445378132303,"{""bagging_temperature"": 0.465407107976626, ""border_count"": 254, ""depth"": 6, ""iterations"": 2890, ""l2_leaf_reg"": 2.521731945814699, ""learning_rate"": 0.032748615392877836, ""random_strength"": 0.31917731321656156}",mqtt,coarse,ok,0.38540760742212665,3,0.9995815740423751,0.0003036975172727963,0.9999987788716607,0.9997717242428854,0.9993914961588195
1,3.0406366719398648,0.0,600,catboost,1.0460193614336295,"{""bagging_temperature"": 0.6878322437872677, ""border_count"": 254, ""depth"": 5, ""iterations"": 3055, ""l2_leaf_reg"": 4.965740897226121, ""learning_rate"": 0.11001890036349307, ""random_strength"": 1.3293910166586842}",mqtt,coarse,ok,0.44377580140006095,4,0.9995625630004374,0.0003543137701515957,0.999998722694162,0.9997336884154461,0.9993914961588195
1,3.236074774991721,0.0,581,catboost,1.0471800418871333,"{""bagging_temperature"": 0.9510517506063547, ""border_count"": 128, ""depth"": 6, ""iterations"": 4494, ""l2_leaf_reg"": 1.54372448095893, ""learning_rate"": 0.059398417766215406, ""random_strength"": 2.04175714268637}",mqtt,coarse,ok,0.6534198698806928,5,0.9994578502335049,0.00022777313795459722,0.9999984606634852,0.9998287312793773,0.9990872442382293
1,6.570129679981619,0.0,588,catboost,1.0451554810381987,"{""bagging_temperature"": 1.4254505305088907, ""border_count"": 128, ""depth"": 9, ""iterations"": 3167, ""l2_leaf_reg"": 21.89381214285338, ""learning_rate"": 0.10858849081055394, ""random_strength"": 2.9507182797622655}",mqtt,coarse,ok,0.4856828974414151,6,0.9994579327265983,0.0004302381494697948,0.999998596125963,0.9996765908874726,0.9992393701985244
1,4.030446525895968,0.0,678,catboost,1.0446493224270135,"{""bagging_temperature"": 1.6973209127751872, ""border_count"": 64, ""depth"": 7, ""iterations"": 4165, ""l2_leaf_reg"": 6.733334520433032, ""learning_rate"": 0.03858033124586582, ""random_strength"": 0.07473065067916862}",mqtt,coarse,ok,0.39752112319887284,7,0.9994579533459493,0.0004808544023485941,0.9999982620910008,0.9996385702600392,0.9992774016885981
1,3.2308685739990324,0.0,738,catboost,1.0461772637539961,"{""bagging_temperature"": 2.2455552620635153, ""border_count"": 128, ""depth"": 5, ""iterations"": 3072, ""l2_leaf_reg"": 7.966658007812442, ""learning_rate"": 0.11608486641992255, ""random_strength"": 0.09810343676518604}",mqtt,coarse,ok,0.5618638219063659,8,0.9994674072242405,0.000329005643712196,0.9999982593375484,0.9997526542105863,0.9991823229634137
1,7.766690754098818,0.0,1918,catboost,1.049046711498992,"{""bagging_temperature"": 4.801713358515288, ""border_count"": 254, ""depth"": 6, ""iterations"": 2183, ""l2_leaf_reg"": 13.451670354058633, ""learning_rate"": 0.017529452420301996, ""random_strength"": 2.359905031406147}",mqtt,coarse,ok,0.6427673212059225,9,0.9995529472192366,5.061625287879938e-05,0.9999985361708729,0.9999619373870016,0.9991442914733399
1,3.141385311027989,0.0,535,catboost,1.046797617375907,"{""bagging_temperature"": 0.630169346249478, ""border_count"": 254, ""depth"": 6, ""iterations"": 3259, ""l2_leaf_reg"": 1.8048198044312964, ""learning_rate"": 0.07729486252045022, ""random_strength"": 0.7414530527971293}",mqtt,coarse,ok,0.47061731501718684,10,0.9995815660840291,0.0002783893908333966,0.999998904004237,0.9997907392611194,0.9993724804137826
1,3.9757876459043473,0.0,1057,catboost,1.0438520465033092,"{""bagging_temperature"": 2.7285065113258113, ""border_count"": 64, ""depth"": 5, ""iterations"": 4294, ""l2_leaf_reg"": 5.346548209337272, ""learning_rate"": 0.040877390367224695, ""random_strength"": 0.037071665430209344}",mqtt,coarse,ok,0.3644414643898423,11,0.9994199260167936,0.0005567787816667932,0.9999981660636716,0.999581518327595,0.9992583859435613
1,3.447565829847008,0.0,867,catboost,1.045905152093032,"{""bagging_temperature"": 1.5811845374000946, ""border_count"": 64, ""depth"": 5, ""iterations"": 3095, ""l2_leaf_reg"": 1.2157669147181223, ""learning_rate"": 0.043436115910001606, ""random_strength"": 0.036883539456064166}",mqtt,coarse,ok,0.4732089713564951,12,0.9994483860536777,0.0003543137701515957,0.999998074817409,0.9997336276114007,0.9991633072183768
1,7.752287300070748,0.0,1140,catboost,1.0425581478542971,"{""bagging_temperature"": 5.760558210119185, ""border_count"": 64, ""depth"": 8, ""iterations"": 2024, ""l2_leaf_reg"": 7.238303874996723, ""learning_rate"": 0.027261479345430113, ""random_strength"": 2.718285094419132}",mqtt,refine,ok,0.33668613994030966,13,0.9993914382975486,0.0006833194138637917,0.999998073907728,0.999486477233824,0.9992964174336351
1,7.574877155944705,0.0,1933,catboost,1.0461582320525658,"{""bagging_temperature"": 4.998352072260555, ""border_count"": 128, ""depth"": 6, ""iterations"": 2578, ""l2_leaf_reg"": 11.825391859534855, ""learning_rate"": 0.022196305929770257, ""random_strength"": 1.6702272244529508}",mqtt,refine,ok,0.4825367939813709,14,0.9994483755611352,0.000329005643712196,0.9999982585710508,0.9997526447979298,0.9991442914733399
1,2.0952132218517363,0.0,41,catboost,1.0485839657487532,"{""bagging_temperature"": 6.5493529746728525, ""border_count"": 254, ""depth"": 8, ""iterations"": 2252, ""l2_leaf_reg"": 10.353056261352817, ""learning_rate"": 0.01301354052711805, ""random_strength"": 2.8206542128283045}",mqtt,refine,ok,0.4541133385038492,15,0.9993435635934661,7.592437931819907e-05,0.999992918969385,0.9999428843407902,0.9987449608275653
1,5.8267039658967406,0.0,1665,catboost,1.0458861246407773,"{""bagging_temperature"": 4.79179333236758, ""border_count"": 128, ""depth"": 5, ""iterations"": 2473, ""l2_leaf_reg"": 11.804952187906661, ""learning_rate"": 0.03295515460997205, ""random_strength"": 4.099778162769585}",mqtt,refine,ok,0.4508495978076408,16,0.9994293540287605,0.0003543137701515957,0.9999981662706565,0.9997336174746937,0.999125275728303
1,5.712891520000994,0.0,1759,catboost,1.046850791890032,"{""bagging_temperature"": 5.64509039507966, ""border_count"": 128, ""depth"": 5, ""iterations"": 1817, ""l2_leaf_reg"": 20.434400180213608, ""learning_rate"": 0.019765468831089594, ""random_strength"": 3.6131085413109703}",mqtt,refine,ok,0.4975100920694683,17,0.9993817237541733,0.00025308126439399693,0.9999976155959748,0.9998096796909198,0.9989541340229711
1,6.4628720979671925,0.0,2035,catboost,1.0463446650413335,"{""bagging_temperature"": 4.4361195588167135, ""border_count"": 64, ""depth"": 5, ""iterations"": 2087, ""l2_leaf_reg"": 9.883921868297401, ""learning_rate"": 0.01773723622531825, ""random_strength"": 1.7240190252905}",mqtt,refine,ok,0.4835158935052409,18,0.9993817472773101,0.0003036975172727963,0.9999978587350267,0.9997716330142539,0.9989921655130448
1,4.14148989203386,0.0,448,lightgbm,1.044988051075377,"{""colsample_bytree"": 0.9335778860314816, ""learning_rate"": 0.040772791882945345, ""max_depth"": 8, ""min_child_samples"": 288, ""min_split_gain"": 0.3665201289278214, ""n_estimators"": 3480, ""num_leaves"": 200, ""reg_alpha"": 0.01711802986422544, ""reg_lambda"": 0.20669895289112103, ""subsample"": 0.7704574541774666, ""subsample_freq"": 1}",mqtt,coarse,ok,0.33800377856748104,1,0.9995435700429804,0.00045554627590919445,0.999998875829772,0.9996576384662204,0.9994295276488933
1,1.6718031659256667,0.0,194,lightgbm,1.0451840288295373,"{""colsample_bytree"": 0.8706970897208101, ""learning_rate"": 0.1208762650635995, ""max_depth"": 14, ""min_child_samples"": 225, ""min_split_gain"": 0.7175955961114486, ""n_estimators"": 4384, ""num_leaves"": 118, ""reg_alpha"": 0.011946701750815891, ""reg_lambda"": 0.033463212072146614, ""subsample"": 0.8294589758480824, ""subsample_freq"": 1}",mqtt,coarse,ok,0.4433162006356931,2,0.999486477233824,0.0004302381494697948,0.9999986618082214,0.9996766093440876,0.9992964174336351
1,1.7680488580372185,0.0,142,lightgbm,1.0441431965937664,"{""colsample_bytree"": 0.6688035253199286, ""learning_rate"": 0.12243708752815555, ""max_depth"": 10, ""min_child_samples"": 50, ""min_split_gain"": 0.5917285669541076, ""n_estimators"": 2855, ""num_leaves"": 263, ""reg_alpha"": 0.028564908046589725, ""reg_lambda"": 5.977601495314221, ""subsample"": 0.943703952465953, ""subsample_freq"": 1}",mqtt,coarse,ok,0.3599422257618189,3,0.9994579739637318,0.0005314706552273935,0.9999985836461669,0.9996005554181804,0.9993154331786719
1,3.2638431400991976,0.0,677,lightgbm,1.0444533453619742,"{""colsample_bytree"": 0.9819471666620946, ""learning_rate"": 0.09612177298055234, ""max_depth"": -1, ""min_child_samples"": 288, ""min_split_gain"": 0.1623216529053193, ""n_estimators"": 4834, ""num_leaves"": 174, ""reg_alpha"": 4.201612769213616, ""reg_lambda"": 0.12331028826321112, ""subsample"": 0.7158905274380823, ""subsample_freq"": 1}",mqtt,coarse,ok,0.34157041470192273,4,0.9995150477820568,0.0005061625287879939,0.9999984573559468,0.9996196055309355,0.9994105119038564
1,3.1901832381263375,0.0,364,lightgbm,1.043713164019792,"{""colsample_bytree"": 0.8142153953871335, ""learning_rate"": 0.040701837019593956, ""max_depth"": 12, ""min_child_samples"": 58, ""min_split_gain"": 0.6502670523529469, ""n_estimators"": 4432, ""num_leaves"": 179, ""reg_alpha"": 0.0038529217099919637, ""reg_lambda"": 0.07282653794701109, ""subsample"": 0.7470943623537196, ""subsample_freq"": 1}",mqtt,coarse,ok,0.3089082328124799,5,0.9995341009574701,0.0005820869081061929,0.9999986428676784,0.9995626129124275,0.9995055906290409
1,9.5025725630112,0.0,2213,lightgbm,1.044434314526422,"{""colsample_bytree"": 0.7225228651399551, ""learning_rate"": 0.013155646024591605, ""max_depth"": 8, ""min_child_samples"": 328, ""min_split_gain"": 0.588209489788872, ""n_estimators"": 2770, ""num_leaves"": 261, ""reg_alpha"": 0.0025847606241215424, ""reg_lambda"": 16.701089193878627, ""subsample"": 0.6723520719675451, ""subsample_freq"": 1}",mqtt,coarse,ok,0.3186435597038641,6,0.999496020463471,0.0005061625287879939,0.9999983870166208,0.9996195910603899,0.9993724804137826
1,18.353962219087407,0.0,1669,lightgbm,1.0423621573650428,"{""colsample_bytree"": 0.8118862192570881, ""learning_rate"": 0.030779955610497397, ""max_depth"": 10, ""min_child_samples"": 203, ""min_split_gain"": 0.365825072326628, ""n_estimators"": 3763, ""num_leaves"": 63, ""reg_alpha"": 1.3480018719534115, ""reg_lambda"": 70.2919097451779, ""subsample"": 0.8359780551493351, ""subsample_freq"": 1}",mqtt,coarse,ok,0.24021036891222833,7,0.9994485329073726,0.0007086275403031914,0.9999979972140399,0.9994675388886776,0.9994295276488933
1,1.9224107810296118,0.0,171,lightgbm,1.0454466258563067,"{""colsample_bytree"": 0.9577608185685751, ""learning_rate"": 0.059809541609806754, ""max_depth"": 14, ""min_child_samples"": 169, ""min_split_gain"": 0.3131977570408735, ""n_estimators"": 1800, ""num_leaves"": 132, ""reg_alpha"": 0.04937015258580042, ""reg_lambda"": 0.017920487089464854, ""subsample"": 0.9062940740731207, ""subsample_freq"": 1}",mqtt,coarse,ok,0.42459524597112475,8,0.9994959821216299,0.00040493002303039504,0.9999988792996134,0.9996956265337569,0.9992964174336351
1,8.645891450112686,0.0,207,lightgbm,1.0429444321103085,"{""colsample_bytree"": 0.7876983205421959, ""learning_rate"": 0.07311704708709846, ""max_depth"": 14, ""min_child_samples"": 39, ""min_split_gain"": 0.3217411367845078, ""n_estimators"": 2489, ""num_leaves"": 48, ""reg_alpha"": 0.2928630025663569, ""reg_lambda"": 1.141310021399344, ""subsample"": 0.7379981165761671, ""subsample_freq"": 1}",mqtt,coarse,ok,0.2548994100363577,9,0.9995246154138698,0.000658011287424392,0.9999985914136518,0.9995056094314508,0.9995436221191146
1,2.19379990384914,0.0,313,lightgbm,1.0467214824613822,"{""colsample_bytree"": 0.7520565952545105, ""learning_rate"": 0.09193775671422479, ""max_depth"": 6, ""min_child_samples"": 200, ""min_split_gain"": 0.9065375866778926, ""n_estimators"": 3444, ""num_leaves"": 141, ""reg_alpha"": 0.016160242404357757, ""reg_lambda"": 0.12327166042649736, ""subsample"": 0.8608256393039115, ""subsample_freq"": 1}",mqtt,coarse,ok,0.44472713215477583,10,0.9995054495653662,0.0002783893908333966,0.9999985360869978,0.9997907074089577,0.9992203544534874
1,1.4724426970351487,0.0,120,lightgbm,1.043450583512165,"{""colsample_bytree"": 0.7410141740807316, ""learning_rate"": 0.13481620698752073, ""max_depth"": 14, ""min_child_samples"": 286, ""min_split_gain"": 0.5575152860460181, ""n_estimators"": 2044, ""num_leaves"": 314, ""reg_alpha"": 0.21732012023666186, ""reg_lambda"": 0.007686611914194587, ""subsample"": 0.7429320899000457, ""subsample_freq"": 1}",mqtt,coarse,ok,0.31737509314213347,11,0.9995245973339418,0.0006073950345455926,0.9999987304735828,0.9995436047617237,0.9995055906290409
1,2.59144494892098,0.0,258,lightgbm,1.0442002803947175,"{""colsample_bytree"": 0.6744013847093207, ""learning_rate"": 0.10102385917492859, ""max_depth"": 6, ""min_child_samples"": 234, ""min_split_gain"": 0.23934853794974686, ""n_estimators"": 2792, ""num_leaves"": 206, ""reg_alpha"": 0.00018662560748370605, ""reg_lambda"": 0.7378530982876573, ""subsample"": 0.8131281793892172, ""subsample_freq"": 1}",mqtt,coarse,ok,0.31746509789981947,12,0.9995150570045737,0.0005314706552273935,0.9999985988483535,0.9996006010003994,0.9994295276488933
1,2.179367696167901,0.0,164,lightgbm,1.0446969172028895,"{""colsample_bytree"": 0.8117852836241267, ""learning_rate"": 0.06425700962798755, ""max_depth"": -1, ""min_child_samples"": 239, ""min_split_gain"": 1.1196123989931164, ""n_estimators"": 3926, ""num_leaves"": 129, ""reg_alpha"": 0.013923833127247195, ""reg_lambda"": 0.10285689503911288, ""subsample"": 0.8544241543309024, ""subsample_freq"": 1}",mqtt,refine,ok,0.3347913491089174,13,0.9995055248093417,0.0004808544023485941,0.9999987283406728,0.999638604633469,0.9993724804137826
1,2.0796854940708727,0.0,292,lightgbm,1.045775803565853,"{""colsample_bytree"": 0.7583057988840242, ""learning_rate"": 0.10501346963414393, ""max_depth"": 14, ""min_child_samples"": 256, ""min_split_gain"": 0.5656392530719214, ""n_estimators"": 3922, ""num_leaves"": 102, ""reg_alpha"": 0.0390879764070753, ""reg_lambda"": 0.06916010068086369, ""subsample"": 0.8133790979634321, ""subsample_freq"": 1}",mqtt,refine,ok,0.41289785366933757,14,0.9995720847082094,0.00037962189659099537,0.9999987564710754,0.9997146824415575,0.9994295276488933
1,2.3523988840170205,0.0,334,lightgbm,1.0437036500873884,"{""colsample_bytree"": 0.895459070675789, ""learning_rate"": 0.05783716502023893, ""max_depth"": 14, ""min_child_samples"": 144, ""min_split_gain"": 0.7917095604288698, ""n_estimators"": 3300, ""num_leaves"": 146, ""reg_alpha"": 0.011857671682323346, ""reg_lambda"": 0.03465204764014574, ""subsample"": 0.8175161554743602, ""subsample_freq"": 1}",mqtt,refine,ok,0.31893603150826677,15,0.9995245882934621,0.0005820869081061929,0.9999986174997657,0.9995626045945535,0.9994865748840039
1,1.882107025012374,0.0,156,lightgbm,1.0464779261405517,"{""colsample_bytree"": 0.7947212853910456, ""learning_rate"": 0.22538669841023617, ""max_depth"": 8, ""min_child_samples"": 254, ""min_split_gain"": 0.9270147599821053, ""n_estimators"": 2482, ""num_leaves"": 121, ""reg_alpha"": 0.019892430487507856, ""reg_lambda"": 0.18306774608777435, ""subsample"": 0.8320762935304334, ""subsample_freq"": 1}",mqtt,refine,ok,0.5038085521965541,16,0.9995149739892913,0.0003036975172727963,0.9999985464797647,0.9997716938414414,0.9992583859435613
1,1.9202189000789076,0.0,226,lightgbm,1.045174517455142,"{""colsample_bytree"": 0.8573921935719706, ""learning_rate"": 0.07110077733671319, ""max_depth"": 12, ""min_child_samples"": 255, ""min_split_gain"": 0.8219722361297743, ""n_estimators"": 4112, ""num_leaves"": 165, ""reg_alpha"": 0.010972747305008412, ""reg_lambda"": 0.18099023306966663, ""subsample"": 0.7674277412346713, ""subsample_freq"": 1}",mqtt,refine,ok,0.4123116906312013,17,0.9994769625790499,0.0004302381494697948,0.9999987274157941,0.9996766031921167,0.9992774016885981
1,2.1098568111192435,0.0,292,lightgbm,1.0470221366006116,"{""colsample_bytree"": 0.8321710922913484, ""learning_rate"": 0.09070469651774929, ""max_depth"": 8, ""min_child_samples"": 224, ""min_split_gain"": 0.985642680104015, ""n_estimators"": 4247, ""num_leaves"": 97, ""reg_alpha"": 0.01238129876986742, ""reg_lambda"": 0.08756089718069927, ""subsample"": 0.9424827034439001, ""subsample_freq"": 1}",mqtt,refine,ok,0.43311977385858635,18,0.9995530152450333,0.00025308126439399693,0.9999986799903684,0.9998097448678678,0.9992964174336351
1,10.732995735947043,0.0,,complex_mlp,1.0468548106263786,"{""batch_size"": 16384, ""depth"": 4, ""dropout"": 0.25655304983422106, ""lr"": 0.0002448875919678215, ""weight_decay"": 1.8747841641334388e-06, ""width"": 384}",mqtt,coarse,ok,0.48301568627357483,1,0.9978754013395451,0.00010123250575759876,0.9998346868881921,0.9999236247684876,0.995835551836921
1,10.850451205158606,0.0,,complex_mlp,1.0460646871130985,"{""batch_size"": 32768, ""depth"": 3, ""dropout"": 0.24866011268568955, ""lr"": 0.0004747738550868365, ""weight_decay"": 0.00043497811325994985, ""width"": 640}",mqtt,coarse,ok,0.3018939793109894,2,0.9980950929594635,0.00020246501151519752,0.9998848853757384,0.9998473398977177,0.996348976952917
1,8.847105250926688,0.0,,complex_mlp,1.0461548298789234,"{""batch_size"": 32768, ""depth"": 3, ""dropout"": 0.12647445622158993, ""lr"": 0.0014000794058187558, ""weight_decay"": 2.201287974686942e-05, ""width"": 256}",mqtt,coarse,ok,0.3222632110118866,3,0.9979328017680736,0.00017715688507579784,0.9998719392321544,0.9998663739620121,0.996006693542253
1,6.265327838016674,0.0,,complex_mlp,1.006087017452185,"{""batch_size"": 65536, ""depth"": 3, ""dropout"": 0.2569178305621722, ""lr"": 0.0006579378291551861, ""weight_decay"": 0.00034365743990779507, ""width"": 256}",mqtt,coarse,ok,0.49306201934814453,4,0.9965949513972113,0.004049300230303951,0.9997013671602621,0.9969552806850619,0.9962348824826956
1,22.316499802982435,0.0,,complex_mlp,1.0429283564735643,"{""batch_size"": 65536, ""depth"": 2, ""dropout"": 0.21361053066711694, ""lr"": 0.000321572989445342, ""weight_decay"": 1.235192922293244e-06, ""width"": 384}",mqtt,coarse,ok,0.5169047713279724,5,0.9977423626127628,0.0004808544023485941,0.9998907576857481,0.9996373284468113,0.9958545675819579
1,5.963874977082014,0.0,,complex_mlp,1.046300935426169,"{""batch_size"": 16384, ""depth"": 4, ""dropout"": 0.09031338553909796, ""lr"": 0.0015069935246066737, ""weight_decay"": 0.0005159641220958139, ""width"": 384}",mqtt,coarse,ok,0.2589772045612335,6,0.997827743902439,0.00015184875863639814,0.99983358220188,0.9998854349652486,0.9957785046018103
1,9.803257865831256,0.0,,complex_mlp,1.0478667586009147,"{""batch_size"": 16384, ""depth"": 4, ""dropout"": 0.11609650353274276, ""lr"": 0.00012326085903706493, ""weight_decay"": 7.383645186011859e-07, ""width"": 512}",mqtt,coarse,ok,0.5013458132743835,7,0.9978752393928711,0.0,0.9998303841608729,1.0,0.9957594888567735
1,7.5177897261455655,0.0,,complex_mlp,1.006047142805654,"{""batch_size"": 65536, ""depth"": 3, ""dropout"": 0.26908132926737977, ""lr"": 0.0002942019499966074, ""weight_decay"": 2.022349842863931e-07, ""width"": 256}",mqtt,coarse,ok,0.470327228307724,8,0.9965567751631251,0.004049300230303951,0.9996673989113685,0.9969550489095269,0.9961588195025481
1,12.078495712950826,0.0,,complex_mlp,1.047618367489431,"{""batch_size"": 32768, ""depth"": 4, ""dropout"": 0.16400034746082262, ""lr"": 0.00024296654812602274, ""weight_decay"": 8.611685838592119e-07, ""width"": 384}",mqtt,refine,ok,0.5689127445220947,9,0.9976269215740468,0.0,0.9998289183076856,1.0,0.9952650794858142
1,22.330147258006036,0.0,,complex_mlp,1.0473895043832113,"{""batch_size"": 65536, ""depth"": 4, ""dropout"": 0.16148076896174166, ""lr"": 0.0001274606468597432, ""weight_decay"": 3.964796515884638e-07, ""width"": 512}",mqtt,refine,ok,0.4743008017539978,10,0.9979039634146342,5.061625287879938e-05,0.9998340699473055,0.9999618116550829,0.9958545675819579
1,21.46024483605288,0.0,,complex_mlp,1.0476748427882236,"{""batch_size"": 16384, ""depth"": 2, ""dropout"": 0.1658629180864017, ""lr"": 7.693051875201038e-05, ""weight_decay"": 8.435879533488107e-07, ""width"": 512}",mqtt,refine,ok,0.5394487977027893,11,0.9979325654290642,2.530812643939969e-05,0.9999071724710704,0.9999809061921219,0.9958925990720316
1,7.543724958086386,0.0,,complex_mlp,1.0303644299421502,"{""batch_size"": 65536, ""depth"": 4, ""dropout"": 0.11690552768498327, ""lr"": 0.0001036685964909778, ""weight_decay"": 8.736990903741277e-07, ""width"": 640}",mqtt,refine,ok,0.46835535764694214,12,0.9970857697948611,0.0016703363450003795,0.9996404719458553,0.9987407944442325,0.9954362211911463
1,6.004086466971785,0.0,554,xgboost,0.9482303752421637,"{""colsample_bytree"": 0.7499770354260681, ""gamma"": 0.6579205673010109, ""learning_rate"": 0.06511178464258173, ""max_bin"": 256, ""max_depth"": 12, ""min_child_weight"": 1.4558865544191169, ""n_estimators"": 2310, ""reg_alpha"": 1.1879590456698481, ""reg_lambda"": 1.7522185965878738, ""subsample"": 0.7961146375155035}",wifi,coarse,ok,0.014246727339923382,1,0.9976924315979413,0.009946105983854925,0.9999800696554344,0.999740054673152,0.9956531790793891
1,5.613752954872325,0.0,113,xgboost,0.9477779293441051,"{""colsample_bytree"": 0.6723475810228937, ""gamma"": 0.4139086274198729, ""learning_rate"": 0.11983499963810375, ""max_bin"": 256, ""max_depth"": 11, ""min_child_weight"": 3.4514961680164737, ""n_estimators"": 1873, ""reg_alpha"": 0.0539935368846297, ""reg_lambda"": 0.001985089035069668, ""subsample"": 0.7487862690454923}",wifi,coarse,ok,0.015404658392071724,2,0.9977024114574771,0.009992366941919368,0.9999837461164319,0.9997388514663309,0.9956742509259572
1,5.716220380971208,0.0,214,xgboost,0.9629933135121334,"{""colsample_bytree"": 0.8269054437559336, ""gamma"": 0.0010621978175769221, ""learning_rate"": 0.014989957867107991, ""max_bin"": 384, ""max_depth"": 12, ""min_child_weight"": 43.00902070899418, ""n_estimators"": 1221, ""reg_alpha"": 0.05308353236870912, ""reg_lambda"": 2.9414169312209033, ""subsample"": 0.6832074990859714}",wifi,coarse,ok,0.19257016479969025,3,0.9974207564533892,0.008442624846760576,0.9999761105269985,0.9997792115250375,0.9950734022723879
1,5.507140621077269,0.0,103,xgboost,0.9476719433606597,"{""colsample_bytree"": 0.7720690392437692, ""gamma"": 0.008000731071536963, ""learning_rate"": 0.14984861845525968, ""max_bin"": 512, ""max_depth"": 10, ""min_child_weight"": 26.804905353806447, ""n_estimators"": 1430, ""reg_alpha"": 0.007390399670890875, ""reg_lambda"": 0.020292967014166448, ""subsample"": 0.6851387713798003}",wifi,coarse,ok,0.01875433884561062,4,0.9975962814764044,0.009992366941919368,0.9999866260689771,0.9997387960432438,0.9954629304075174
1,6.388073771959171,0.0,510,xgboost,0.9475487825226219,"{""colsample_bytree"": 0.9494297203394987, ""gamma"": 0.060355170529566335, ""learning_rate"": 0.02628802809237505, ""max_bin"": 384, ""max_depth"": 4, ""min_child_weight"": 0.9801951884902622, ""n_estimators"": 987, ""reg_alpha"": 1.5480180194333426, ""reg_lambda"": 7.030923064701754, ""subsample"": 0.921321367669653}",wifi,coarse,ok,0.014857806265354156,5,0.997473493403748,0.009992366941919368,0.9999791707613476,0.9997387319062774,0.995218496987328
1,6.991615569917485,0.0,672,xgboost,0.9477078990142638,"{""colsample_bytree"": 0.9361549038083874, ""gamma"": 0.022798907403917264, ""learning_rate"": 0.060583462485342944, ""max_bin"": 512, ""max_depth"": 7, ""min_child_weight"": 7.044280059025002, ""n_estimators"": 1741, ""reg_alpha"": 11.029629032199878, ""reg_lambda"": 0.22019405561421432, ""subsample"": 0.6560039840885861}",wifi,coarse,ok,0.018217410892248154,6,0.9976325677589998,0.009992366941919368,0.9999800134891527,0.999738814993954,0.9955351767386079
1,6.44357270700857,0.0,642,xgboost,0.9479152225397689,"{""colsample_bytree"": 0.8171815526717815, ""gamma"": 0.9278054064777779, ""learning_rate"": 0.033528083562953455, ""max_bin"": 256, ""max_depth"": 12, ""min_child_weight"": 1.9651691044381008, ""n_estimators"": 2688, ""reg_alpha"": 0.0062111839104599985, ""reg_lambda"": 34.609696107516996, ""subsample"": 0.9010680819623105}",wifi,coarse,ok,0.01680905930697918,7,0.9976086781423167,0.009969236462887146,0.9999781805264716,0.9997394068270574,0.995487012517881
1,5.874158529099077,0.0,354,xgboost,1.037038354214139,"{""colsample_bytree"": 0.7950732109678332, ""gamma"": 2.231912079792424, ""learning_rate"": 0.019945799626157404, ""max_bin"": 512, ""max_depth"": 4, ""min_child_weight"": 3.733336833334073, ""n_estimators"": 1578, ""reg_alpha"": 0.815796921115107, ""reg_lambda"": 0.003798100813300955, ""subsample"": 0.8051913547390479}",wifi,coarse,ok,0.19427192211151123,8,0.9974480942490981,0.0010408715564499342,0.9999795105908085,0.9999727704769039,0.9949361342433161
1,5.741110887145624,0.0,173,xgboost,0.9931890892305401,"{""colsample_bytree"": 0.9089219831289347, ""gamma"": 0.0010443336854073309, ""learning_rate"": 0.015053053190378982, ""max_bin"": 512, ""max_depth"": 8, ""min_child_weight"": 4.0392944330279725, ""n_estimators"": 1970, ""reg_alpha"": 0.0013581083569123105, ""reg_lambda"": 0.9650318448689923, ""subsample"": 0.939121700662898}",wifi,coarse,ok,0.09792930632829666,9,0.9973155606041996,0.005412532093539657,0.9999769912347395,0.9998584012533305,0.9947856210535442
1,5.031999807106331,0.0,49,xgboost,0.9547488499282936,"{""colsample_bytree"": 0.9629332446546971, ""gamma"": 0.001296670537499229, ""learning_rate"": 0.04928842420933268, ""max_bin"": 512, ""max_depth"": 5, ""min_child_weight"": 21.07805724893545, ""n_estimators"": 2157, ""reg_alpha"": 0.00026295710250683654, ""reg_lambda"": 0.9286940718137718, ""subsample"": 0.7715957454190817}",wifi,coarse,ok,0.13474035263061523,10,0.9968096704392885,0.009205930654823861,0.999969720744875,0.9997589650759775,0.9938777254928404
1,5.129363641142845,0.0,107,xgboost,0.9775542816096069,"{""colsample_bytree"": 0.8622472890958742, ""gamma"": 0.0030770873351299594, ""learning_rate"": 0.026757233150910758, ""max_bin"": 256, ""max_depth"": 5, ""min_child_weight"": 5.145979598926262, ""n_estimators"": 1980, ""reg_alpha"": 0.0015786099559227428, ""reg_lambda"": 9.890858444770402, ""subsample"": 0.7247080490314949}",wifi,coarse,ok,0.12904608249664307,11,0.9967158761840631,0.006916013230634006,0.9999707546376774,0.9998188653824485,0.9936320879671328
1,5.154167480999604,0.0,94,xgboost,0.9476200191706898,"{""colsample_bytree"": 0.7584395387651148, ""gamma"": 0.0005105830058159375, ""learning_rate"": 0.15446132677355912, ""max_bin"": 512, ""max_depth"": 4, ""min_child_weight"": 14.91035290063646, ""n_estimators"": 2847, ""reg_alpha"": 0.2500724991476561, ""reg_lambda"": 2.236752452787824, ""subsample"": 0.9351824183713127}",wifi,coarse,ok,0.014783177524805069,12,0.9975445689842166,0.009992366941919368,0.9999823921133351,0.9997387690337296,0.9953599793857135
1,5.198778776917607,0.0,209,xgboost,1.0393496011364705,"{""colsample_bytree"": 0.6841771449042041, ""gamma"": 2.886732040720825, ""learning_rate"": 0.027934037266117116, ""max_bin"": 384, ""max_depth"": 5, ""min_child_weight"": 4.282826504702868, ""n_estimators"": 1882, ""reg_alpha"": 1.0172746374243193, ""reg_lambda"": 0.005098200208731695, ""subsample"": 0.6945505993508694}",wifi,refine,ok,0.20216089487075806,13,0.9974462634929756,0.0008095667661277265,0.9999801060954444,0.9999788211488377,0.9949265013991706
1,5.2617194971535355,0.0,196,xgboost,1.0384271712831967,"{""colsample_bytree"": 0.6166909302034189, ""gamma"": 3.2555016570631725, ""learning_rate"": 0.034371550295902706, ""max_bin"": 512, ""max_depth"": 4, ""min_child_weight"": 3.516386607325735, ""n_estimators"": 1455, ""reg_alpha"": 0.3971667192729877, ""reg_lambda"": 0.003306156472808873, ""subsample"": 0.6768183294004687}",wifi,refine,ok,0.2248031497001648,14,0.9974489926795476,0.0009020886822566095,0.999981308524303,0.9999764009514652,0.9949343280850388
1,5.6522981680464,0.0,284,xgboost,1.0421295303582332,"{""colsample_bytree"": 0.6932667398921242, ""gamma"": 3.539166229019938, ""learning_rate"": 0.02557342644631575, ""max_bin"": 512, ""max_depth"": 3, ""min_child_weight"": 4.666533108509644, ""n_estimators"": 1600, ""reg_alpha"": 0.7264182927042149, ""reg_lambda"": 0.0017806513174796763, ""subsample"": 0.6868371509261307}",wifi,refine,ok,0.4886098802089691,15,0.9974504808414861,0.0005320010177410774,0.9999811938831558,0.9999860823850193,0.9949277055046888
1,5.731905850814655,0.0,350,xgboost,1.0435202152830312,"{""colsample_bytree"": 0.6775016601757066, ""gamma"": 2.9145995696312266, ""learning_rate"": 0.023461348691795815, ""max_bin"": 256, ""max_depth"": 3, ""min_child_weight"": 3.2748258933153043, ""n_estimators"": 1442, ""reg_alpha"": 0.4718982101846842, ""reg_lambda"": 0.0010069130660756251, ""subsample"": 0.7344536093744406}",wifi,refine,ok,0.5583205819129944,16,0.9974531946427456,0.00039321814354775287,0.9999840415152622,0.9999897130485139,0.9949295116629661
1,5.325162205146626,0.0,408,xgboost,1.040049044745015,"{""colsample_bytree"": 0.55, ""gamma"": 2.027991360516342, ""learning_rate"": 0.02164552489387548, ""max_bin"": 256, ""max_depth"": 3, ""min_child_weight"": 4.762747105846876, ""n_estimators"": 1703, ""reg_alpha"": 0.22466856031873897, ""reg_lambda"": 0.0005642807292455023, ""subsample"": 0.663353346216528}",wifi,refine,ok,0.32018351554870605,17,0.9974517049192597,0.0007401753290310643,0.9999818623213192,0.9999806366195411,0.994935532190557
1,4.955759591888636,0.0,195,xgboost,1.037037175334449,"{""colsample_bytree"": 0.5625477494810126, ""gamma"": 1.8147050687407698, ""learning_rate"": 0.03274278833403807, ""max_bin"": 256, ""max_depth"": 4, ""min_child_weight"": 3.5177873416255228, ""n_estimators"": 1421, ""reg_alpha"": 0.29613735256164964, ""reg_lambda"": 0.0008227141362236751, ""subsample"": 0.8916329355963594}",wifi,refine,ok,0.19927288591861725,18,0.9974468840215379,0.0010408715564499342,0.9999801375482084,0.9999727704109974,0.9949337260322797
1,2.985432979883626,0.0,27,catboost,1.0047086873961937,"{""bagging_temperature"": 0.4962011116728271, ""border_count"": 128, ""depth"": 9, ""iterations"": 1322, ""l2_leaf_reg"": 0.8931835287478719, ""learning_rate"": 0.0696377779243786, ""random_strength"": 1.0273236797409109}",wifi,coarse,ok,0.02869498224702304,1,0.9975009474794633,0.00427913862096084,0.9999825225267753,0.999888087149259,0.9951251788096694
1,2.8123052110895514,0.0,36,catboost,1.0037827304464957,"{""bagging_temperature"": 0.30941261830317424, ""border_count"": 128, ""depth"": 8, ""iterations"": 2983, ""l2_leaf_reg"": 10.923187998491542, ""learning_rate"": 0.049509354359579226, ""random_strength"": 1.4194086948522544}",wifi,coarse,ok,0.05946875509071455,2,0.9975003485149041,0.004371660537089723,0.9999797460497781,0.9998856678269264,0.9951263829151876
1,7.752938154852018,0.0,290,catboost,0.9476951173345536,"{""bagging_temperature"": 3.4445309394812686, ""border_count"": 64, ""depth"": 10, ""iterations"": 2431, ""l2_leaf_reg"": 5.761443798407321, ""learning_rate"": 0.04378031241956807, ""random_strength"": 6.516122914190668}",wifi,coarse,ok,0.012481697016962008,3,0.9976198678589249,0.009992366941919368,0.9999783778964486,0.9997388083615183,0.9955098905227263
1,2.4697385628242046,0.0,94,catboost,0.9478909540727645,"{""bagging_temperature"": 2.262033971279971, ""border_count"": 64, ""depth"": 7, ""iterations"": 3625, ""l2_leaf_reg"": 3.0531075849263614, ""learning_rate"": 0.19441553096136882, ""random_strength"": 0.5853748929268262}",wifi,coarse,ok,0.01236003608343857,4,0.9975844864114917,0.009969236462887146,0.9999766458028837,0.9997393942215657,0.995438848297154
1,2.7282911729998887,0.0,222,catboost,0.9910473797457392,"{""bagging_temperature"": 1.2915374646129403, ""border_count"": 64, ""depth"": 6, ""iterations"": 4504, ""l2_leaf_reg"": 1.5510033220812625, ""learning_rate"": 0.01202150732851881, ""random_strength"": 1.9875084245476253}",wifi,coarse,ok,0.030535788308575666,5,0.9974871218009684,0.005643836883861865,0.9999725356677885,0.9998524024525389,0.9951330054955376
1,2.4562198880594224,0.0,111,catboost,0.9476414552618551,"{""bagging_temperature"": 3.718212592515751, ""border_count"": 254, ""depth"": 6, ""iterations"": 3259, ""l2_leaf_reg"": 4.459647098881962, ""learning_rate"": 0.17581857099441398, ""random_strength"": 0.6047128417040643}",wifi,coarse,ok,0.011710736340863415,6,0.9975660409006494,0.009992366941919368,0.9999816756079852,0.9997387802488844,0.9954027251316088
1,8.99600952398032,0.0,636,catboost,0.9477030403398068,"{""bagging_temperature"": 4.03028467326536, ""border_count"": 128, ""depth"": 9, ""iterations"": 3898, ""l2_leaf_reg"": 35.29867877762341, ""learning_rate"": 0.04781886672515482, ""random_strength"": 0.046875723479049315}",wifi,coarse,ok,0.014670089781816116,7,0.9976277297397742,0.009992366941919368,0.9999796003845245,0.9997388124673515,0.9955255438944626
1,4.331946175079793,0.0,165,catboost,0.9477480883729239,"{""bagging_temperature"": 2.8408138506482628, ""border_count"": 128, ""depth"": 9, ""iterations"": 2751, ""l2_leaf_reg"": 6.38416567998165, ""learning_rate"": 0.11908036448342552, ""random_strength"": 0.14877058526275624}",wifi,coarse,ok,0.013655110683748894,8,0.9976727819862768,0.009992366941919368,0.9999795161168121,0.9997388359944455,0.9956152497555666
1,6.976275166962296,0.0,212,catboost,0.9479804015101263,"{""bagging_temperature"": 4.9334022717425965, ""border_count"": 254, ""depth"": 10, ""iterations"": 4347, ""l2_leaf_reg"": 2.218936294525335, ""learning_rate"": 0.0968576701158867, ""random_strength"": 0.3184549225663166}",wifi,coarse,ok,0.012724920088401696,9,0.9976739899834667,0.009969236462887146,0.99997552311062,0.9997394408557947,0.9956170559138439
1,3.6210327961016446,0.0,401,catboost,0.9476871115088035,"{""bagging_temperature"": 3.8903326748423477, ""border_count"": 128, ""depth"": 6, ""iterations"": 4402, ""l2_leaf_reg"": 20.83610925683523, ""learning_rate"": 0.12081472999164233, ""random_strength"": 1.5696202409829787}",wifi,coarse,ok,0.014204413572003237,10,0.9976117034675097,0.009992366941919368,0.9999815492097452,0.9997388040976316,0.995493635098231
1,2.7328683289233595,0.0,164,catboost,0.9475256454928997,"{""bagging_temperature"": 2.2394047660525223, ""border_count"": 64, ""depth"": 6, ""iterations"": 1764, ""l2_leaf_reg"": 2.895902191763296, ""learning_rate"": 0.18561008218529215, ""random_strength"": 0.4227372789234319}",wifi,coarse,ok,0.014218985330477602,11,0.9974505051017052,0.009992366941919368,0.9999761962077635,0.9997387198968427,0.9951727409776373
1,10.565279667964205,0.0,444,catboost,0.9477247349250455,"{""bagging_temperature"": 4.985995408954494, ""border_count"": 254, ""depth"": 10, ""iterations"": 2738, ""l2_leaf_reg"": 5.826283575766878, ""learning_rate"": 0.038142588644194106, ""random_strength"": 0.572696138736594}",wifi,coarse,ok,0.014031415355963492,12,0.9976495004585163,0.009992366941919368,0.9999780777144585,0.9997388238366779,0.9955688916931168
1,6.058747780974954,0.0,49,catboost,0.9478106534505453,"{""bagging_temperature"": 1.79341578134471, ""border_count"": 64, ""depth"": 11, ""iterations"": 1630, ""l2_leaf_reg"": 1.07622018711241, ""learning_rate"": 0.05324448965994687, ""random_strength"": 0.36668633057282574}",wifi,refine,ok,0.010223082111981937,13,0.9975040405097876,0.009969236462887146,0.9999795513925828,0.9997393522995356,0.9952787022632368
1,5.953331062104553,0.0,20,catboost,1.0243372367743349,"{""bagging_temperature"": 0.35564678180620063, ""border_count"": 254, ""depth"": 11, ""iterations"": 1671, ""l2_leaf_reg"": 0.7325418418664179, ""learning_rate"": 0.043998481421715946, ""random_strength"": 0.5394487766095957}",wifi,refine,ok,0.10851431503651573,14,0.9974687516974573,0.0023130479032220756,0.9999792821819632,0.9999394964653835,0.9950101867326837
1,6.523084748070687,0.0,70,catboost,0.9513079286018727,"{""bagging_temperature"": 0.0, ""border_count"": 64, ""depth"": 11, ""iterations"": 1321, ""l2_leaf_reg"": 0.535951806005315, ""learning_rate"": 0.038119792625666345, ""random_strength"": 0.4729266761020345}",wifi,refine,ok,0.01101229519415093,15,0.9975318430263026,0.009622279277403835,0.9999775669921678,0.9997484329976083,0.9953250603256865
1,3.0108910901471972,0.0,20,catboost,0.9963703200799927,"{""bagging_temperature"": 0.0, ""border_count"": 64, ""depth"": 9, ""iterations"": 1736, ""l2_leaf_reg"": 0.6859144199209442, ""learning_rate"": 0.054246489227395736, ""random_strength"": 0.10804285683878001}",wifi,refine,ok,0.041020240906539655,16,0.9974895069234692,0.005111835866120787,0.9999834363546297,0.9998663122630974,0.9951239747041513
1,3.93563722493127,0.0,32,catboost,0.9476157142361032,"{""bagging_temperature"": 0.0, ""border_count"": 64, ""depth"": 10, ""iterations"": 1390, ""l2_leaf_reg"": 0.8014790117973052, ""learning_rate"": 0.03809298115873985, ""random_strength"": 0.35299504874339227}",wifi,refine,ok,0.022366926487560123,17,0.9975403349766298,0.009992366941919368,0.9999809735733426,0.999738766822177,0.9953515506470864
1,8.690743489190936,0.0,19,catboost,0.9492257414991044,"{""bagging_temperature"": 0.0, ""border_count"": 64, ""depth"": 12, ""iterations"": 1719, ""l2_leaf_reg"": 0.7222307231488329, ""learning_rate"": 0.05762826786870166, ""random_strength"": 0.33991130545855763}",wifi,refine,ok,0.030705359379693205,18,0.9977625639364397,0.009853584067726042,0.9999803647985025,0.9997425076371268,0.995790447108461
1,9.243730916874483,0.0,128,lightgbm,1.0448463312410234,"{""colsample_bytree"": 0.9400250873818755, ""learning_rate"": 0.042871553127088145, ""max_depth"": 8, ""min_child_samples"": 259, ""min_split_gain"": 0.17017232436438934, ""n_estimators"": 1390, ""num_leaves"": 203, ""reg_alpha"": 0.991130762899384, ""reg_lambda"": 0.0025150431526058544, ""subsample"": 0.9789925320856248, ""subsample_freq"": 1}",wifi,coarse,ok,0.5364768940482256,1,0.9973920646451672,0.0002544352693544283,0.9999723857880123,0.9999933428752122,0.9948042846890759
1,8.393255935050547,0.0,80,lightgbm,0.9593794667374118,"{""colsample_bytree"": 0.8129182029275368, ""learning_rate"": 0.0661416056804778, ""max_depth"": 12, ""min_child_samples"": 78, ""min_split_gain"": 0.4381103888003405, ""n_estimators"": 1778, ""num_leaves"": 52, ""reg_alpha"": 0.0003040018057179184, ""reg_lambda"": 0.09293646189606537, ""subsample"": 0.9370907751622776, ""subsample_freq"": 1}",wifi,coarse,ok,0.021615723688421625,2,0.9975078971901994,0.008812712511276109,0.999973893199469,0.9997695777285082,0.9952564263111505
1,16.735043296124786,0.0,163,lightgbm,0.95086891518839,"{""colsample_bytree"": 0.9944382858121681, ""learning_rate"": 0.03233391417860963, ""max_depth"": 14, ""min_child_samples"": 54, ""min_split_gain"": 0.6995436469655536, ""n_estimators"": 3371, ""num_leaves"": 104, ""reg_alpha"": 0.27579000037018186, ""reg_lambda"": 0.6852061279493383, ""subsample"": 0.7388657848829409, ""subsample_freq"": 1}",wifi,coarse,ok,0.019176805591278163,3,0.9975557380422131,0.009668540235468277,0.9999715900171948,0.9997472362277002,0.9953738265991725
1,9.638258972205222,0.0,97,lightgbm,0.9866978355698935,"{""colsample_bytree"": 0.7110569742574422, ""learning_rate"": 0.028903135790199142, ""max_depth"": -1, ""min_child_samples"": 224, ""min_split_gain"": 0.06029592708202358, ""n_estimators"": 2334, ""num_leaves"": 90, ""reg_alpha"": 0.3971692272555479, ""reg_lambda"": 0.0017455987796731014, ""subsample"": 0.8639540160064052, ""subsample_freq"": 1}",wifi,coarse,ok,0.13551888962259373,4,0.9973010811066926,0.006060185506441838,0.9999721905523862,0.9998414585810543,0.9947735799983625
1,10.521606961963698,0.0,158,lightgbm,1.012714539243701,"{""colsample_bytree"": 0.7135103442154789, ""learning_rate"": 0.027658380797113823, ""max_depth"": 8, ""min_child_samples"": 212, ""min_split_gain"": 0.8264141063270565, ""n_estimators"": 4623, ""num_leaves"": 31, ""reg_alpha"": 0.0163548259529522, ""reg_lambda"": 19.44558439568249, ""subsample"": 0.8738253967540804, ""subsample_freq"": 1}",wifi,coarse,ok,0.13718762970711745,5,0.9974113450564175,0.0034695718548331134,0.9999782547122914,0.9999092397558913,0.9949258993464115
1,10.495755433104932,0.0,163,lightgbm,0.948031717555079,"{""colsample_bytree"": 0.7646079112638954, ""learning_rate"": 0.06200626142605163, ""max_depth"": -1, ""min_child_samples"": 55, ""min_split_gain"": 0.8028987215381536, ""n_estimators"": 1617, ""num_leaves"": 161, ""reg_alpha"": 1.321020964572875, ""reg_lambda"": 78.83998447210362, ""subsample"": 0.6738287765413358, ""subsample_freq"": 1}",wifi,coarse,ok,0.016148495063466852,6,0.9974940579667294,0.009946105983854925,0.9999743885379783,0.9997399515463207,0.9952582324694278
1,8.983287048060447,0.0,88,lightgbm,0.9723614434503178,"{""colsample_bytree"": 0.8387212752805857, ""learning_rate"": 0.04093443672764695, ""max_depth"": 6, ""min_child_samples"": 45, ""min_split_gain"": 0.9995669381411457, ""n_estimators"": 3790, ""num_leaves"": 120, ""reg_alpha"": 0.0007125011607142315, ""reg_lambda"": 0.7605219938310458, ""subsample"": 0.8828420114015378, ""subsample_freq"": 1}",wifi,coarse,ok,0.04591541066806784,7,0.9973051158136287,0.007494275206439525,0.9999815940216891,0.9998039573982485,0.994818733955294
1,9.186365861212835,0.0,78,lightgbm,0.9481045611421701,"{""colsample_bytree"": 0.6665941485771726, ""learning_rate"": 0.07356680249750089, ""max_depth"": 12, ""min_child_samples"": 78, ""min_split_gain"": 0.3658816536150383, ""n_estimators"": 2253, ""num_leaves"": 175, ""reg_alpha"": 0.8083152026352763, ""reg_lambda"": 0.006748148140608567, ""subsample"": 0.8226107244683603, ""subsample_freq"": 1}",wifi,coarse,ok,0.017722508421529684,8,0.9975669452084508,0.009946105983854925,0.9999735154453692,0.999739989442362,0.9954033271843679
1,11.874450659845024,0.0,114,lightgbm,0.9575356509403263,"{""colsample_bytree"": 0.8037523792203856, ""learning_rate"": 0.04754659994837002, ""max_depth"": 14, ""min_child_samples"": 180, ""min_split_gain"": 0.9511452960680378, ""n_estimators"": 1380, ""num_leaves"": 316, ""reg_alpha"": 0.00016432304886993243, ""reg_lambda"": 0.07446199565739071, ""subsample"": 0.8905286451425772, ""subsample_freq"": 1}",wifi,coarse,ok,0.026410132897022993,9,0.997514563247396,0.008997756343533874,0.9999730225653853,0.9997647448721639,0.9952744878939231
1,7.648620750987902,0.0,36,lightgbm,0.9642624701921395,"{""colsample_bytree"": 0.9072442255345757, ""learning_rate"": 0.04548226885286525, ""max_depth"": 14, ""min_child_samples"": 33, ""min_split_gain"": 0.06726724081998925, ""n_estimators"": 3482, ""num_leaves"": 71, ""reg_alpha"": 0.0326170688905298, ""reg_lambda"": 0.00949743477969167, ""subsample"": 0.8153047610240154, ""subsample_freq"": 1}",wifi,coarse,ok,0.13937877289058012,10,0.9973021468754696,0.008303841972567252,0.9999748608468472,0.9997827878424117,0.9948337852742711
1,11.66039634984918,0.0,179,lightgbm,0.9860416140673843,"{""colsample_bytree"": 0.9544878268609909, ""learning_rate"": 0.012903737208936417, ""max_depth"": 8, ""min_child_samples"": 46, ""min_split_gain"": 0.6555839534649226, ""n_estimators"": 3128, ""num_leaves"": 310, ""reg_alpha"": 0.002064804146137731, ""reg_lambda"": 0.0026792524936917798, ""subsample"": 0.7331017976142182, ""subsample_freq"": 1}",wifi,coarse,ok,0.09417319386428775,11,0.9971070767952785,0.0061064464645062795,0.9999800383433693,0.9998401867393736,0.9943888682853056
1,8.159998485120013,0.0,76,lightgbm,0.9722416530437568,"{""colsample_bytree"": 0.6932380085121781, ""learning_rate"": 0.06961309373310594, ""max_depth"": 12, ""min_child_samples"": 242, ""min_split_gain"": 0.846439173384618, ""n_estimators"": 4911, ""num_leaves"": 42, ""reg_alpha"": 0.061628711140418437, ""reg_lambda"": 0.31823955719689123, ""subsample"": 0.9348634964367113, ""subsample_freq"": 1}",wifi,coarse,ok,0.03287001952618336,12,0.9974170639137878,0.007517405685471746,0.9999729196937278,0.9998033965811572,0.9950420955289154
1,12.51250671595335,0.0,177,lightgbm,0.9531129299579313,"{""colsample_bytree"": 0.9419527026788719, ""learning_rate"": 0.030000587204954656, ""max_depth"": -1, ""min_child_samples"": 228, ""min_split_gain"": 0.307536119169335, ""n_estimators"": 1804, ""num_leaves"": 180, ""reg_alpha"": 0.6957398029674845, ""reg_lambda"": 0.0016172558982406997, ""subsample"": 1.0, ""subsample_freq"": 1}",wifi,refine,ok,0.032016609688121235,13,0.9974867655426807,0.00943723544514607,0.9999703773342266,0.9997532462034389,0.9952305380425097
1,11.097461033146828,0.0,136,lightgbm,0.9475595267832906,"{""colsample_bytree"": 1.0, ""learning_rate"": 0.03931655404109588, ""max_depth"": -1, ""min_child_samples"": 214, ""min_split_gain"": 0.12083019738803552, ""n_estimators"": 1334, ""num_leaves"": 183, ""reg_alpha"": 1.2661092715337763, ""reg_lambda"": 0.006474595563271015, ""subsample"": 0.8463955971865966, ""subsample_freq"": 1}",wifi,refine,ok,0.02866653607735338,14,0.997484684695557,0.009992366941919368,0.9999702301385451,0.9997387377525762,0.9952407729394143
1,8.23700147611089,0.0,82,lightgbm,0.9475078191492587,"{""colsample_bytree"": 0.9013033158768422, ""learning_rate"": 0.06517069698708167, ""max_depth"": -1, ""min_child_samples"": 223, ""min_split_gain"": 0.6016180005503635, ""n_estimators"": 1088, ""num_leaves"": 219, ""reg_alpha"": 2.1100435269779605, ""reg_lambda"": 0.0008165931150084806, ""subsample"": 0.9844634994691884, ""subsample_freq"": 1}",wifi,refine,ok,0.027922403789753244,15,0.9974329606882127,0.009992366941919368,0.9999705576047935,0.9997387107310051,0.9951378219176102
1,8.592035487061366,0.0,83,lightgbm,1.039517862958607,"{""colsample_bytree"": 0.8289632608710767, ""learning_rate"": 0.06344833543307747, ""max_depth"": 10, ""min_child_samples"": 245, ""min_split_gain"": 0.41031808513608425, ""n_estimators"": 1475, ""num_leaves"": 193, ""reg_alpha"": 0.21893433308709606, ""reg_lambda"": 0.004344278464665363, ""subsample"": 1.0, ""subsample_freq"": 1}",wifi,refine,ok,0.2655665080677385,16,0.9973836281945224,0.0007864362870955057,0.9999719527007938,0.999979423656622,0.9948012744252804
1,14.808839723933488,0.0,219,lightgbm,0.9697676629624319,"{""colsample_bytree"": 0.905415058517127, ""learning_rate"": 0.024920231493309963, ""max_depth"": -1, ""min_child_samples"": 283, ""min_split_gain"": 0.22825478330846438, ""n_estimators"": 1184, ""num_leaves"": 228, ""reg_alpha"": 0.35896026925680125, ""reg_lambda"": 0.0035242448655850205, ""subsample"": 1.0, ""subsample_freq"": 1}",wifi,refine,ok,0.03933621626785841,17,0.9974875637877292,0.007771840954826174,0.9999701744592866,0.9997967736608987,0.9951889964021328
1,10.18198188696988,0.0,146,lightgbm,1.0284077189194945,"{""colsample_bytree"": 0.9065858003843424, ""learning_rate"": 0.038043099494832595, ""max_depth"": 10, ""min_child_samples"": 297, ""min_split_gain"": 0.0, ""n_estimators"": 1085, ""num_leaves"": 212, ""reg_alpha"": 1.7354489466801761, ""reg_lambda"": 0.0020146706293999008, ""subsample"": 1.0, ""subsample_freq"": 1}",wifi,refine,ok,0.15159766985103526,18,0.9973761392245758,0.0018966992806421022,0.9999714500267967,0.9999503768334852,0.9948151216387394
1,22.747756067896262,0.0,,complex_mlp,0.9524824111562563,"{""batch_size"": 32768, ""depth"": 3, ""dropout"": 0.08903451665547672, ""lr"": 0.00023477338947316975, ""weight_decay"": 0.0002150569547040775, ""width"": 384}",wifi,coarse,ok,0.08976109325885773,1,0.9943159496631641,0.009182800175791641,0.9998892650201743,0.999758368543358,0.9889324641296966
1,31.563523932825774,0.0,,complex_mlp,1.0400128142234732,"{""batch_size"": 32768, ""depth"": 4, ""dropout"": 0.10945371600159572, ""lr"": 0.0020004524735246706, ""weight_decay"": 0.00043831852256791986, ""width"": 384}",wifi,coarse,ok,0.14011667668819427,2,0.9948754535830222,0.0004857400596766359,0.9998952247443482,0.9999872269688563,0.9898156755272778
1,17.978025656891987,0.0,,complex_mlp,0.9721205743731719,"{""batch_size"": 65536, ""depth"": 2, ""dropout"": 0.1438699101445338, ""lr"": 0.000927135672860367, ""weight_decay"": 5.905314952285977e-06, ""width"": 640}",wifi,coarse,ok,0.07495663315057755,3,0.9942928265779025,0.007216709458052876,0.9998968475159629,0.999810074916923,0.9888361356882426
1,14.779260746901855,0.0,,complex_mlp,0.9494037942343745,"{""batch_size"": 16384, ""depth"": 3, ""dropout"": 0.3142464717899108, ""lr"": 0.00045540314047391224, ""weight_decay"": 6.701492925320402e-06, ""width"": 256}",wifi,coarse,ok,0.12949375808238983,4,0.994243850436365,0.009483496403210511,0.9998981566022916,0.999750424126804,0.9887976043116611
1,34.18979756301269,0.0,,complex_mlp,1.036310760595201,"{""batch_size"": 16384, ""depth"": 3, ""dropout"": 0.31551272121797924, ""lr"": 0.000679834384478219, ""weight_decay"": 1.9465249813546237e-05, ""width"": 512}",wifi,coarse,ok,0.06445152312517166,5,0.9948739826329007,0.000855827724192168,0.9999011040844413,0.9999774955051833,0.9898222981076278
1,17.90333624300547,0.0,,complex_mlp,0.9625651781453191,"{""batch_size"": 32768, ""depth"": 4, ""dropout"": 0.2620168732591225, ""lr"": 0.0002624360744866446, ""weight_decay"": 0.0002869777082567287, ""width"": 512}",wifi,coarse,ok,0.1148398369550705,6,0.9942208184933808,0.008165059098373928,0.9998990127135491,0.999785096536097,0.9887181333474615
1,19.909942840924487,0.0,,complex_mlp,0.9492424580654659,"{""batch_size"": 16384, ""depth"": 3, ""dropout"": 0.2976491653236343, ""lr"": 9.252368372994574e-05, ""weight_decay"": 2.7987915722592418e-05, ""width"": 640}",wifi,coarse,ok,0.08562464267015457,7,0.99431417153248,0.009506626882242731,0.9998911071082641,0.9997498508843471,0.9889372805517693
1,41.62448397395201,0.0,,complex_mlp,1.0358477964470165,"{""batch_size"": 32768, ""depth"": 2, ""dropout"": 0.22421555802931586, ""lr"": 0.002000395440331353, ""weight_decay"": 1.3445798248641452e-06, ""width"": 640}",wifi,coarse,ok,0.10466274619102478,8,0.9948730764959982,0.0009020886822566095,0.9999121354716891,0.9999762790604318,0.9898216960548687
1,32.699377885088325,0.0,,complex_mlp,1.0358519140152074,"{""batch_size"": 32768, ""depth"": 4, ""dropout"": 0.13813073128604952, ""lr"": 0.0017401061810544526, ""weight_decay"": 0.00032829628640433336, ""width"": 640}",wifi,refine,ok,0.09105139225721359,9,0.9948779422937222,0.0009020886822566095,0.9998971708810259,0.9999762792912739,0.989831328899014
1,32.31281532696448,0.0,,complex_mlp,1.0397825282937103,"{""batch_size"": 32768, ""depth"": 4, ""dropout"": 0.16031208926015694, ""lr"": 0.002039411301052478, ""weight_decay"": 0.0001568080561360421, ""width"": 384}",wifi,refine,ok,0.09602806717157364,10,0.9948766731445754,0.0005088705387088566,0.9998912107244678,0.999986618778112,0.9898186857910732
1,21.766257538925856,0.0,,complex_mlp,1.03746024372645,"{""batch_size"": 16384, ""depth"": 3, ""dropout"": 0.13353752031890115, ""lr"": 0.0024979010515571724, ""weight_decay"": 0.001029297007354666, ""width"": 384}",wifi,refine,ok,0.11640629172325134,11,0.9948681889133395,0.0007401753290310643,0.9998761620684187,0.9999805363098182,0.9898078488414097
1,35.72063933801837,0.0,,complex_mlp,1.033529038841207,"{""batch_size"": 65536, ""depth"": 4, ""dropout"": 0.14680336858043158, ""lr"": 0.004921148523978602, ""weight_decay"": 0.0003870102013364161, ""width"": 640}",wifi,refine,ok,0.07614120095968246,12,0.9948676334746602,0.0011333934725788171,0.9999068018466973,0.9999701968044892,0.989816879632796
