feasible,fit_seconds,fpr_gap,meta_best_iteration,model,objective,params_json,protocol_hint,stage,status,threshold,trial,val_f1,val_fpr,val_pr_auc,val_precision,val_recall
1,0.5192248250823468,0.0,242,xgboost,0.7598366163188135,"{""colsample_bytree"": 0.7610842781222339, ""gamma"": 0.010028859097904918, ""learning_rate"": 0.03743787253142941, ""max_bin"": 256, ""max_depth"": 11, ""min_child_weight"": 11.858165795746787, ""n_estimators"": 2796, ""reg_alpha"": 4.348384278587397, ""reg_lambda"": 36.173948464001214, ""subsample"": 0.80247493732627}",bluetooth,coarse,ok,0.9911856055259705,1,0.7736228878179711,0.006214585998903308,0.9671917697975116,0.9893899204244032,0.6351161858974359
1,0.1049845120869577,0.0,4,xgboost,1.0006363201830881,"{""colsample_bytree"": 0.6813227776370653, ""gamma"": 0.006225988370029791, ""learning_rate"": 0.02265522275783128, ""max_bin"": 384, ""max_depth"": 9, ""min_child_weight"": 23.526061207326638, ""n_estimators"": 1944, ""reg_alpha"": 0.002078544783808974, ""reg_lambda"": 3.5524315809865, ""subsample"": 0.7321357212335923}",bluetooth,coarse,ok,0.5532691478729248,2,0.9515083094856783,0.0,0.9825602139481937,1.0,0.9075020032051282
1,0.4138768999837339,0.0,67,xgboost,0.9888238790257047,"{""colsample_bytree"": 0.6941071952324397, ""gamma"": 0.7268938344623582, ""learning_rate"": 0.1367448889704411, ""max_bin"": 256, ""max_depth"": 9, ""min_child_weight"": 3.4290051491309113, ""n_estimators"": 2348, ""reg_alpha"": 0.4149332020551766, ""reg_lambda"": 35.39767102104762, ""subsample"": 0.8294250475490873}",bluetooth,coarse,ok,0.9929643869400024,3,0.986185124384392,0.004706634984463535,0.9941020897189584,0.9947521271717532,0.9777644230769231
1,0.1634575359057635,0.0,109,xgboost,0.04405453402109493,"{""colsample_bytree"": 0.7918993275385496, ""gamma"": 0.6279405689216259, ""learning_rate"": 0.014068007016058015, ""max_bin"": 384, ""max_depth"": 7, ""min_child_weight"": 17.956854594851606, ""n_estimators"": 3171, ""reg_alpha"": 0.004153333681271797, ""reg_lambda"": 1.9444152376031714, ""subsample"": 0.9951766326378078}",bluetooth,coarse,ok,inf,4,0.0,0.0,0.8810906804218985,0.0,0.0
1,0.12396294018253684,0.0,69,xgboost,1.0139766357105626,"{""colsample_bytree"": 0.6606996716578658, ""gamma"": 0.00040738810355855914, ""learning_rate"": 0.09936348066207762, ""max_bin"": 512, ""max_depth"": 7, ""min_child_weight"": 20.973845538826968, ""n_estimators"": 1623, ""reg_alpha"": 0.2792164952379008, ""reg_lambda"": 28.10845870342479, ""subsample"": 0.8030708025824881}",bluetooth,coarse,ok,0.9835334420204163,5,0.9645301804604853,0.0,0.9889291050015476,1.0,0.9314903846153846
1,0.10888572386465967,0.0,4,xgboost,1.032818177083597,"{""colsample_bytree"": 0.7034450637493558, ""gamma"": 0.03690527565620921, ""learning_rate"": 0.013332032093694926, ""max_bin"": 512, ""max_depth"": 10, ""min_child_weight"": 3.9403169553395445, ""n_estimators"": 1607, ""reg_alpha"": 0.35759458631152413, ""reg_lambda"": 41.03454619869026, ""subsample"": 0.7914551988367617}",bluetooth,coarse,ok,0.5285748839378357,6,0.9906051116274371,0.0007311277645768598,0.9904868620385677,0.9991848379865498,0.9821714743589743
1,0.18056965083815157,0.0,160,xgboost,0.9311238155569237,"{""colsample_bytree"": 0.8389189016770762, ""gamma"": 0.0002179873918350765, ""learning_rate"": 0.08564369902065005, ""max_bin"": 256, ""max_depth"": 12, ""min_child_weight"": 3.414634489165878, ""n_estimators"": 2397, ""reg_alpha"": 0.00016580262824257447, ""reg_lambda"": 0.09425862027228944, ""subsample"": 0.9060704570377807}",bluetooth,coarse,ok,0.9982506632804871,7,0.9279380341880342,0.004615244013891427,0.9867644301560754,0.9942193223443223,0.869941907051282
1,0.4240401741117239,0.0,312,xgboost,1.003120918323844,"{""colsample_bytree"": 0.7722687296654585, ""gamma"": 0.00025071850534492463, ""learning_rate"": 0.030206426772522568, ""max_bin"": 384, ""max_depth"": 5, ""min_child_weight"": 1.9315450533000353, ""n_estimators"": 1414, ""reg_alpha"": 5.332912292903469, ""reg_lambda"": 0.15825048927645635, ""subsample"": 0.766991060596341}",bluetooth,coarse,ok,0.9925965070724487,8,0.9930965231580269,0.003975507219886675,0.9955893472936787,0.9956208788443147,0.9905849358974359
1,0.30585167999379337,0.0,262,xgboost,1.0079384000379483,"{""colsample_bytree"": 0.8137718513812215, ""gamma"": 0.05704896523438163, ""learning_rate"": 0.01946359470851243, ""max_bin"": 384, ""max_depth"": 6, ""min_child_weight"": 1.6255475821994354, ""n_estimators"": 3037, ""reg_alpha"": 0.0849636609192165, ""reg_lambda"": 0.03285159053838375, ""subsample"": 0.65182961331527}",bluetooth,coarse,ok,0.993995726108551,9,0.9932953318434071,0.0035185523670261377,0.9965718372960507,0.9961218836565097,0.9904847756410257
1,0.1113100671209395,0.0,35,xgboost,1.0442823326621975,"{""colsample_bytree"": 0.8653117709669038, ""gamma"": 1.1642864944910463, ""learning_rate"": 0.14067742536839467, ""max_bin"": 384, ""max_depth"": 6, ""min_child_weight"": 1.4770986798792922, ""n_estimators"": 1812, ""reg_alpha"": 0.0009918370621436034, ""reg_lambda"": 0.005366398926805136, ""subsample"": 0.6558971924264416}",bluetooth,coarse,ok,0.9971861243247986,10,0.9949670340731793,4.5695485286053735e-05,0.9954450688375752,0.9999494183105716,0.9900340544871795
1,0.24268984608352184,0.0,264,xgboost,0.8844372814652682,"{""colsample_bytree"": 0.923304831887997, ""gamma"": 0.00025448122865417375, ""learning_rate"": 0.024177537836100927, ""max_bin"": 256, ""max_depth"": 11, ""min_child_weight"": 7.192110457982032, ""n_estimators"": 1535, ""reg_alpha"": 0.392690757253521, ""reg_lambda"": 0.005419785410187634, ""subsample"": 0.9970532525055915}",bluetooth,coarse,ok,0.9965840578079224,11,0.92562599893447,0.00904770608663864,0.985766867943693,0.9887320737536991,0.8700921474358975
1,0.5238351591397077,0.0,368,xgboost,0.9138280335196604,"{""colsample_bytree"": 0.8776046333153519, ""gamma"": 0.0038261979428780373, ""learning_rate"": 0.02491206034662307, ""max_bin"": 256, ""max_depth"": 4, ""min_child_weight"": 16.784768574640264, ""n_estimators"": 1810, ""reg_alpha"": 0.0012804342538395952, ""reg_lambda"": 72.19724123881521, ""subsample"": 0.9656722925595779}",bluetooth,coarse,ok,0.9900606870651245,12,0.9267277046686063,0.006214585998903308,0.9849237768017434,0.9922263503858245,0.8693409455128205
1,0.11129841906949878,0.0,32,xgboost,0.9389326984118014,"{""colsample_bytree"": 0.8737982574075556, ""gamma"": 0.3763985247877099, ""learning_rate"": 0.20013812890084115, ""max_bin"": 512, ""max_depth"": 5, ""min_child_weight"": 1.9662555194994678, ""n_estimators"": 2201, ""reg_alpha"": 0.0020508839405883428, ""reg_lambda"": 0.005228517529202362, ""subsample"": 0.5784206954689304}",bluetooth,refine,ok,0.9980233907699585,13,0.9806934195896088,0.009139097057210747,0.9926049878859992,0.98979800040808,0.9717548076923077
1,0.1687556211836636,0.0,138,xgboost,0.8865641585005375,"{""colsample_bytree"": 0.8011033803353407, ""gamma"": 0.5522233284078486, ""learning_rate"": 0.051429400027075425, ""max_bin"": 256, ""max_depth"": 5, ""min_child_weight"": 0.7395058613906438, ""n_estimators"": 2113, ""reg_alpha"": 0.0004705338103588273, ""reg_lambda"": 0.0069376757439928586, ""subsample"": 0.6053461454985893}",bluetooth,refine,ok,0.9993022680282593,14,0.9256920576559294,0.00881922866020837,0.9812877489338346,0.9890122402504982,0.8699919871794872
1,0.12448101094923913,0.0,52,xgboost,1.0453742926329086,"{""colsample_bytree"": 0.8472076426003419, ""gamma"": 1.814256879910219, ""learning_rate"": 0.1041671345523207, ""max_bin"": 512, ""max_depth"": 6, ""min_child_weight"": 0.7444136480868488, ""n_estimators"": 2191, ""reg_alpha"": 0.001423295005118899, ""reg_lambda"": 0.011268098003840914, ""subsample"": 0.563196022388576}",bluetooth,refine,ok,0.998250424861908,15,0.9960029161115161,4.5695485286053735e-05,0.9965666274850614,0.999949522992277,0.9920873397435898
1,0.3445820431225002,0.0,32,xgboost,0.04670565009987123,"{""colsample_bytree"": 0.8876791812839439, ""gamma"": 0.8819591586629185, ""learning_rate"": 0.21783719422814854, ""max_bin"": 256, ""max_depth"": 5, ""min_child_weight"": 0.7061972057358257, ""n_estimators"": 2215, ""reg_alpha"": 0.0050063587098330125, ""reg_lambda"": 0.005525247538038887, ""subsample"": 0.6993506580865136}",bluetooth,refine,ok,inf,16,0.0,0.0,0.9341130019974245,0.0,0.0
1,0.09452384011819959,0.0,5,xgboost,1.045147874597802,"{""colsample_bytree"": 0.7296074865172463, ""gamma"": 1.5812597108451438, ""learning_rate"": 0.12348309384391087, ""max_bin"": 256, ""max_depth"": 6, ""min_child_weight"": 1.0504238047681906, ""n_estimators"": 2304, ""reg_alpha"": 0.0022480473842324124, ""reg_lambda"": 0.01144715828143662, ""subsample"": 0.6708574436416577}",bluetooth,refine,ok,0.7061449289321899,17,0.9953713020728516,0.0,0.9955314504990096,1.0,0.9907852564102564
1,0.12978212116286159,0.0,79,xgboost,0.9665778328247582,"{""colsample_bytree"": 0.8643760510322998, ""gamma"": 2.3611693278666612, ""learning_rate"": 0.07256741566848132, ""max_bin"": 256, ""max_depth"": 8, ""min_child_weight"": 1.0494965602587336, ""n_estimators"": 2802, ""reg_alpha"": 0.001734272955618038, ""reg_lambda"": 0.01404996300437343, ""subsample"": 0.6368475304355141}",bluetooth,refine,ok,0.9982398748397827,18,0.9912302681032322,0.007402668616340705,0.9874850176986584,0.9918764416808745,0.9905849358974359
1,10.910019310191274,0.0,3806,catboost,1.0496954939084346,"{""bagging_temperature"": 5.5023497381668225, ""border_count"": 64, ""depth"": 6, ""iterations"": 4096, ""l2_leaf_reg"": 26.70783005970333, ""learning_rate"": 0.10513401490614928, ""random_strength"": 1.1030041304926295}",bluetooth,coarse,ok,0.9993987341410261,1,0.9996994289149383,0.0,0.9999212998699238,1.0,0.9993990384615384
1,2.4260074531193823,0.0,0,catboost,1.05,"{""bagging_temperature"": 0.21583783384525823, ""border_count"": 128, ""depth"": 10, ""iterations"": 4032, ""l2_leaf_reg"": 25.4139097674536, ""learning_rate"": 0.1149031460077298, ""random_strength"": 2.651899797847663}",bluetooth,coarse,ok,0.5101750683542801,2,1.0,0.0,1.0,1.0,1.0
1,3.8576569291763008,0.0,1051,catboost,1.048883609532468,"{""bagging_temperature"": 2.4489243597075063, ""border_count"": 254, ""depth"": 5, ""iterations"": 2551, ""l2_leaf_reg"": 1.3260427784795872, ""learning_rate"": 0.030584065319747507, ""random_strength"": 1.8367769821072344}",bluetooth,coarse,ok,0.9996536903911517,3,0.9997996594210157,9.139097057210747e-05,0.9999571963434725,0.9998998196754157,0.9996995192307693
1,1.2770500348415226,0.0,7,catboost,1.0352692173936262,"{""bagging_temperature"": 5.512568752193931, ""border_count"": 128, ""depth"": 6, ""iterations"": 3513, ""l2_leaf_reg"": 13.127449435679402, ""learning_rate"": 0.030685514549604772, ""random_strength"": 0.17197467156062654}",bluetooth,coarse,ok,0.8535025123500994,4,0.9857781389678992,0.0,0.9898215685145395,1.0,0.9719551282051282
1,1.6181513350456953,0.0,0,catboost,1.05,"{""bagging_temperature"": 5.392163603865976, ""border_count"": 254, ""depth"": 8, ""iterations"": 4126, ""l2_leaf_reg"": 2.4401764144818348, ""learning_rate"": 0.07182687352702657, ""random_strength"": 7.834911570714412}",bluetooth,coarse,ok,0.5341467062151479,5,1.0,0.0,1.0,1.0,1.0
1,1.5522119777742773,0.0,0,catboost,1.05,"{""bagging_temperature"": 1.9712447635527313, ""border_count"": 254, ""depth"": 8, ""iterations"": 2367, ""l2_leaf_reg"": 1.6491049045550008, ""learning_rate"": 0.02017265685914492, ""random_strength"": 5.592218265341815}",bluetooth,coarse,ok,0.5114926557152942,6,1.0,0.0,1.0,1.0,1.0
1,1.979099415941164,0.0,0,catboost,1.05,"{""bagging_temperature"": 1.7117723170513606, ""border_count"": 254, ""depth"": 9, ""iterations"": 2996, ""l2_leaf_reg"": 24.72743680395678, ""learning_rate"": 0.024120390854526264, ""random_strength"": 1.7402035583981705}",bluetooth,coarse,ok,0.5021893654256663,7,1.0,0.0,1.0,1.0,1.0
1,1.5872485230211169,0.0,50,catboost,1.049974957679725,"{""bagging_temperature"": 0.7766090679682467, ""border_count"": 128, ""depth"": 7, ""iterations"": 2591, ""l2_leaf_reg"": 1.4904725586044199, ""learning_rate"": 0.022360366781648194, ""random_strength"": 0.07324471432463182}",bluetooth,coarse,ok,0.9536087182630008,8,0.9999749593088769,0.0,0.9999999674169627,1.0,0.9999499198717948
1,1.2391860249917954,0.0,0,catboost,1.0416082627927827,"{""bagging_temperature"": 2.4013133500360566, ""border_count"": 64, ""depth"": 5, ""iterations"": 3378, ""l2_leaf_reg"": 2.093675830493489, ""learning_rate"": 0.1836208150813254, ""random_strength"": 0.17414879793537233}",bluetooth,coarse,ok,0.8008321714461664,9,0.9918970087088225,0.0,0.9942250816792051,1.0,0.9839242788461539
1,1.3654310589190573,0.0,0,catboost,1.05,"{""bagging_temperature"": 5.174541851460715, ""border_count"": 128, ""depth"": 7, ""iterations"": 4599, ""l2_leaf_reg"": 2.432702186060962, ""learning_rate"": 0.08047360070747082, ""random_strength"": 2.723594747494427}",bluetooth,coarse,ok,0.6209628685640464,10,1.0,0.0,1.0,1.0,1.0
1,38.45139694400132,0.0,3111,catboost,1.0498479072165796,"{""bagging_temperature"": 2.1140375606977155, ""border_count"": 64, ""depth"": 10, ""iterations"": 3405, ""l2_leaf_reg"": 1.5119844403848741, ""learning_rate"": 0.1563847911132937, ""random_strength"": 0.05007553063921258}",bluetooth,coarse,ok,0.9997718211641553,11,0.9998497370398197,0.0,0.999963403535197,1.0,0.9996995192307693
1,16.260869052028283,0.0,1394,catboost,1.0487848602977963,"{""bagging_temperature"": 5.969737377557617, ""border_count"": 128, ""depth"": 10, ""iterations"": 1400, ""l2_leaf_reg"": 1.372975214366038, ""learning_rate"": 0.08302732694189899, ""random_strength"": 0.09314852001385458}",bluetooth,coarse,ok,0.9995027540449066,12,0.9996994590262472,9.139097057210747e-05,0.9999862195454049,0.9998997995991984,0.9994991987179487
1,1.8724336640443653,0.0,0,catboost,1.05,"{""bagging_temperature"": 0.764377392864013, ""border_count"": 128, ""depth"": 9, ""iterations"": 4856, ""l2_leaf_reg"": 23.222284112519105, ""learning_rate"": 0.18919509818908228, ""random_strength"": 4.360173226783022}",bluetooth,refine,ok,0.5181555928698881,13,1.0,0.0,1.0,1.0,1.0
1,4.1273241471499205,0.0,0,catboost,1.05,"{""bagging_temperature"": 0.0, ""border_count"": 128, ""depth"": 11, ""iterations"": 4396, ""l2_leaf_reg"": 51.846324270976176, ""learning_rate"": 0.18261029758057076, ""random_strength"": 5.728232499921573}",bluetooth,refine,ok,0.5083556507539589,14,1.0,0.0,1.0,1.0,1.0
1,2.364868241827935,0.0,0,catboost,1.05,"{""bagging_temperature"": 0.1826481132053775, ""border_count"": 254, ""depth"": 10, ""iterations"": 4604, ""l2_leaf_reg"": 16.63010899938238, ""learning_rate"": 0.10418251763382941, ""random_strength"": 3.765688629841184}",bluetooth,refine,ok,0.507221997396192,15,1.0,0.0,1.0,1.0,1.0
1,1.9666085809003562,0.0,0,catboost,1.05,"{""bagging_temperature"": 0.6310542286049368, ""border_count"": 128, ""depth"": 9, ""iterations"": 3913, ""l2_leaf_reg"": 16.898360509798145, ""learning_rate"": 0.17792264831704988, ""random_strength"": 3.0046355099987805}",bluetooth,refine,ok,0.5225258156596768,16,1.0,0.0,1.0,1.0,1.0
1,3.486579180927947,0.0,0,catboost,1.05,"{""bagging_temperature"": 0.0, ""border_count"": 128, ""depth"": 11, ""iterations"": 3124, ""l2_leaf_reg"": 18.13766202425034, ""learning_rate"": 0.13544188611693822, ""random_strength"": 5.009795040020919}",bluetooth,refine,ok,0.5161425173929932,17,1.0,0.0,1.0,1.0,1.0
1,3.2342935260385275,0.0,0,catboost,1.05,"{""bagging_temperature"": 0.0, ""border_count"": 128, ""depth"": 11, ""iterations"": 3672, ""l2_leaf_reg"": 11.708199098835701, ""learning_rate"": 0.07924275048139542, ""random_strength"": 6.519595731670105}",bluetooth,refine,ok,0.5136006973488652,18,1.0,0.0,1.0,1.0,1.0
1,1.12591474596411,0.0,1,lightgbm,0.02412984746526599,"{""colsample_bytree"": 0.7550276767544056, ""learning_rate"": 0.024365921953296964, ""max_depth"": -1, ""min_child_samples"": 124, ""min_split_gain"": 0.29315760807056, ""n_estimators"": 1635, ""num_leaves"": 117, ""reg_alpha"": 0.009082814761926131, ""reg_lambda"": 33.69356611069478, ""subsample"": 0.8829224378291133, ""subsample_freq"": 1}",bluetooth,coarse,ok,inf,1,0.0,0.0,0.4825969493053197,0.0,0.0
1,0.5599119989201427,0.0,1,lightgbm,0.024131235990630856,"{""colsample_bytree"": 0.6568123080492704, ""learning_rate"": 0.05201710467893842, ""max_depth"": 6, ""min_child_samples"": 43, ""min_split_gain"": 0.25908385760598973, ""n_estimators"": 4725, ""num_leaves"": 317, ""reg_alpha"": 0.6497968581959594, ""reg_lambda"": 0.008549686816400132, ""subsample"": 0.9778656987334209, ""subsample_freq"": 1}",bluetooth,coarse,ok,inf,2,0.0,0.0,0.48262471981261706,0.0,0.0
1,0.5547873890027404,0.0,1,lightgbm,0.024131068345397633,"{""colsample_bytree"": 0.8407679509582456, ""learning_rate"": 0.05338764195777822, ""max_depth"": 12, ""min_child_samples"": 239, ""min_split_gain"": 0.44852724644126674, ""n_estimators"": 1484, ""num_leaves"": 249, ""reg_alpha"": 0.11392775400242552, ""reg_lambda"": 0.014887957527628863, ""subsample"": 0.8984568172855935, ""subsample_freq"": 1}",bluetooth,coarse,ok,inf,3,0.0,0.0,0.4826213669079526,0.0,0.0
1,0.5793416120577604,0.0,1,lightgbm,0.024131209864931048,"{""colsample_bytree"": 0.909032340813247, ""learning_rate"": 0.02439753879717231, ""max_depth"": 14, ""min_child_samples"": 151, ""min_split_gain"": 0.6963317510196115, ""n_estimators"": 1341, ""num_leaves"": 84, ""reg_alpha"": 0.00024915197655755365, ""reg_lambda"": 0.27983903046700853, ""subsample"": 0.9477341781768618, ""subsample_freq"": 1}",bluetooth,coarse,ok,inf,4,0.0,0.0,0.48262419729862094,0.0,0.0
1,0.5605720290914178,0.0,1,lightgbm,0.02412984746526599,"{""colsample_bytree"": 0.7560269400211725, ""learning_rate"": 0.020304944515059074, ""max_depth"": 14, ""min_child_samples"": 113, ""min_split_gain"": 0.121349314569134, ""n_estimators"": 4414, ""num_leaves"": 194, ""reg_alpha"": 0.0019135667086392558, ""reg_lambda"": 19.238824486085857, ""subsample"": 0.8532523443998744, ""subsample_freq"": 1}",bluetooth,coarse,ok,inf,5,0.0,0.0,0.4825969493053197,0.0,0.0
1,0.5535337971523404,0.0,1,lightgbm,0.024131289087226518,"{""colsample_bytree"": 0.9503340183656748, ""learning_rate"": 0.020585215976505488, ""max_depth"": 10, ""min_child_samples"": 164, ""min_split_gain"": 0.9516539329769568, ""n_estimators"": 3901, ""num_leaves"": 112, ""reg_alpha"": 0.016989401504837763, ""reg_lambda"": 0.5808973251549507, ""subsample"": 0.7287617754169418, ""subsample_freq"": 1}",bluetooth,coarse,ok,inf,6,0.0,0.0,0.48262578174453036,0.0,0.0
1,0.5514637948945165,0.0,1,lightgbm,0.02412984746526599,"{""colsample_bytree"": 0.9817355012343092, ""learning_rate"": 0.021091772526539095, ""max_depth"": 6, ""min_child_samples"": 332, ""min_split_gain"": 0.5521019092791467, ""n_estimators"": 4812, ""num_leaves"": 145, ""reg_alpha"": 0.012659543151025347, ""reg_lambda"": 5.491287023534886, ""subsample"": 0.9967471845854323, ""subsample_freq"": 1}",bluetooth,coarse,ok,inf,7,0.0,0.0,0.4825969493053197,0.0,0.0
1,0.5497641880065203,0.0,1,lightgbm,0.02412984746526599,"{""colsample_bytree"": 0.8523801636055972, ""learning_rate"": 0.05047899060615863, ""max_depth"": 6, ""min_child_samples"": 317, ""min_split_gain"": 0.842989456172417, ""n_estimators"": 3139, ""num_leaves"": 214, ""reg_alpha"": 0.0016640217503152235, ""reg_lambda"": 20.267984973912384, ""subsample"": 0.6966243057859832, ""subsample_freq"": 1}",bluetooth,coarse,ok,inf,8,0.0,0.0,0.4825969493053197,0.0,0.0
1,0.5624686370138079,0.0,1,lightgbm,0.024131292184586258,"{""colsample_bytree"": 0.7924547476793198, ""learning_rate"": 0.03927225087114628, ""max_depth"": -1, ""min_child_samples"": 221, ""min_split_gain"": 0.6591748499426606, ""n_estimators"": 2545, ""num_leaves"": 204, ""reg_alpha"": 0.016341275562977063, ""reg_lambda"": 0.1297920064972834, ""subsample"": 0.8593451269883217, ""subsample_freq"": 1}",bluetooth,coarse,ok,inf,9,0.0,0.0,0.4826258436917251,0.0,0.0
1,0.5626124981790781,0.0,1,lightgbm,0.02412984746526599,"{""colsample_bytree"": 0.6525992606156937, ""learning_rate"": 0.062154431643681445, ""max_depth"": 12, ""min_child_samples"": 60, ""min_split_gain"": 0.05548081157003759, ""n_estimators"": 4691, ""num_leaves"": 54, ""reg_alpha"": 8.171280453230427, ""reg_lambda"": 23.382748656730904, ""subsample"": 0.8773076549586651, ""subsample_freq"": 1}",bluetooth,coarse,ok,inf,10,0.0,0.0,0.4825969493053197,0.0,0.0
1,0.551594948163256,0.0,1,lightgbm,0.02413105603280273,"{""colsample_bytree"": 0.8810316973331002, ""learning_rate"": 0.05611264505929237, ""max_depth"": 12, ""min_child_samples"": 141, ""min_split_gain"": 0.3984520005161112, ""n_estimators"": 1967, ""num_leaves"": 164, ""reg_alpha"": 0.192776581160148, ""reg_lambda"": 2.4433330484622653, ""subsample"": 0.8029605181463747, ""subsample_freq"": 1}",bluetooth,coarse,ok,inf,11,0.0,0.0,0.4826211206560546,0.0,0.0
1,0.5545592738781124,0.0,1,lightgbm,0.02412984746526599,"{""colsample_bytree"": 0.7069433277929703, ""learning_rate"": 0.07334852410682503, ""max_depth"": 12, ""min_child_samples"": 243, ""min_split_gain"": 0.2075984985001773, ""n_estimators"": 2830, ""num_leaves"": 35, ""reg_alpha"": 0.0737631251529401, ""reg_lambda"": 6.616192886946269, ""subsample"": 0.8472807818063388, ""subsample_freq"": 1}",bluetooth,coarse,ok,inf,12,0.0,0.0,0.4825969493053197,0.0,0.0
1,0.5553318799939007,0.0,1,lightgbm,0.024130884456637386,"{""colsample_bytree"": 0.8188497407646294, ""learning_rate"": 0.04602930860151262, ""max_depth"": 6, ""min_child_samples"": 274, ""min_split_gain"": 0.7003598584939063, ""n_estimators"": 1935, ""num_leaves"": 219, ""reg_alpha"": 0.02025204944876681, ""reg_lambda"": 0.08661710168021892, ""subsample"": 0.7734469400776753, ""subsample_freq"": 1}",bluetooth,refine,ok,inf,13,0.0,0.0,0.4826176891327477,0.0,0.0
1,0.5753212838899344,0.0,1,lightgbm,0.02413106816956777,"{""colsample_bytree"": 0.8531570446012932, ""learning_rate"": 0.025174684820860434, ""max_depth"": -1, ""min_child_samples"": 174, ""min_split_gain"": 0.6702945742192364, ""n_estimators"": 2883, ""num_leaves"": 190, ""reg_alpha"": 0.006738237085091101, ""reg_lambda"": 0.15739250456830775, ""subsample"": 0.9305928267144238, ""subsample_freq"": 1}",bluetooth,refine,ok,inf,14,0.0,0.0,0.4826213633913554,0.0,0.0
1,0.5538666660431772,0.0,1,lightgbm,0.024130940535137767,"{""colsample_bytree"": 0.7016655436660937, ""learning_rate"": 0.07413776554064148, ""max_depth"": 12, ""min_child_samples"": 244, ""min_split_gain"": 1.0631734327749975, ""n_estimators"": 2470, ""num_leaves"": 172, ""reg_alpha"": 0.01366331755583448, ""reg_lambda"": 0.12041140054228978, ""subsample"": 0.8175261397473255, ""subsample_freq"": 1}",bluetooth,refine,ok,inf,15,0.0,0.0,0.4826188107027553,0.0,0.0
1,0.5640798739623278,0.0,1,lightgbm,0.024131292184586258,"{""colsample_bytree"": 0.8270740609541567, ""learning_rate"": 0.03638558811185699, ""max_depth"": 8, ""min_child_samples"": 192, ""min_split_gain"": 0.4627512438299258, ""n_estimators"": 2512, ""num_leaves"": 224, ""reg_alpha"": 0.017665746431219067, ""reg_lambda"": 0.13227373410317556, ""subsample"": 0.7601547536364833, ""subsample_freq"": 1}",bluetooth,refine,ok,inf,16,0.0,0.0,0.4826258436917251,0.0,0.0
1,0.5648144839797169,0.0,1,lightgbm,0.024131097229617746,"{""colsample_bytree"": 0.765396449714925, ""learning_rate"": 0.03736430723869923, ""max_depth"": 8, ""min_child_samples"": 188, ""min_split_gain"": 0.49587643129857384, ""n_estimators"": 2575, ""num_leaves"": 186, ""reg_alpha"": 0.017483462570320622, ""reg_lambda"": 0.12333700488557153, ""subsample"": 0.8885405158713048, ""subsample_freq"": 1}",bluetooth,refine,ok,inf,17,0.0,0.0,0.4826219445923549,0.0,0.0
1,0.557927604066208,0.0,1,lightgbm,0.02413101279953475,"{""colsample_bytree"": 0.7790229230687701, ""learning_rate"": 0.05244860317001065, ""max_depth"": 12, ""min_child_samples"": 230, ""min_split_gain"": 0.6472142293185656, ""n_estimators"": 2721, ""num_leaves"": 166, ""reg_alpha"": 0.011525891998443017, ""reg_lambda"": 0.1521860083208168, ""subsample"": 0.8444114873039792, ""subsample_freq"": 1}",bluetooth,refine,ok,inf,18,0.0,0.0,0.482620255990695,0.0,0.0
1,10.937222016043961,0.0,,complex_mlp,1.0493706096914848,"{""batch_size"": 65536, ""depth"": 4, ""dropout"": 0.11050549614454053, ""lr"": 0.0002261680382706081, ""weight_decay"": 0.00016765281355586838, ""width"": 512}",bluetooth,coarse,ok,0.08915919810533524,1,0.9993736062739595,0.0,0.9999400683505038,1.0,0.9987479967948718
1,7.432577126892284,0.0,,complex_mlp,1.0489797711476168,"{""batch_size"": 65536, ""depth"": 3, ""dropout"": 0.3271846095586477, ""lr"": 0.00013344913695115948, ""weight_decay"": 1.0081565554870504e-05, ""width"": 256}",bluetooth,coarse,ok,0.04548631235957146,2,0.9989973932223782,0.0,0.999647558504771,1.0,0.9979967948717948
1,6.029185386141762,0.0,,complex_mlp,1.0493190480025092,"{""batch_size"": 32768, ""depth"": 4, ""dropout"": 0.31425100538715733, ""lr"": 0.00010674190105753501, ""weight_decay"": 1.8537685694226683e-07, ""width"": 384}",bluetooth,coarse,ok,0.060263391584157944,3,0.9993234608734872,0.0,0.9999117425804404,1.0,0.9986478365384616
1,7.388485874980688,0.0,,complex_mlp,1.049544255428846,"{""batch_size"": 65536, ""depth"": 2, ""dropout"": 0.1887026345589319, ""lr"": 0.0018236953017160135, ""weight_decay"": 2.576610813667392e-06, ""width"": 256}",bluetooth,coarse,ok,0.23685911297798157,4,0.9995490756049902,0.0,0.9999035964771167,1.0,0.9990985576923077
1,3.20445633190684,0.0,,complex_mlp,1.049443942182769,"{""batch_size"": 16384, ""depth"": 3, ""dropout"": 0.164352213091565, ""lr"": 0.00047206403682544955, ""weight_decay"": 6.765101474374522e-07, ""width"": 512}",bluetooth,coarse,ok,0.15465369820594788,5,0.9994488149521471,0.0,0.9999025446124403,1.0,0.9988982371794872
1,6.05887994193472,0.0,,complex_mlp,1.049771583591299,"{""batch_size"": 32768, ""depth"": 3, ""dropout"": 0.14608690811808267, ""lr"": 0.0006509421815041761, ""weight_decay"": 0.0003445056269246217, ""width"": 384}",bluetooth,coarse,ok,0.3145224452018738,6,0.9997745886242393,0.0,0.9999398993411946,1.0,0.9995492788461539
1,7.455532228806987,0.0,,complex_mlp,1.0491370561267757,"{""batch_size"": 65536, ""depth"": 4, ""dropout"": 0.25235807876289723, ""lr"": 0.00010134984530669414, ""weight_decay"": 4.562283670930573e-06, ""width"": 256}",bluetooth,coarse,ok,0.0799718126654625,7,0.9991479123853441,0.0,0.9997828748286335,1.0,0.9982972756410257
1,7.378892466891557,0.0,,complex_mlp,1.049291860568201,"{""batch_size"": 65536, ""depth"": 3, ""dropout"": 0.14931565743057248, ""lr"": 0.0001615920637018107, ""weight_decay"": 2.1245392054230976e-05, ""width"": 640}",bluetooth,coarse,ok,0.0844266265630722,8,0.9992983862884635,0.0,0.9998694855947485,1.0,0.9985977564102564
1,7.418385893106461,0.0,,complex_mlp,1.0495160798951042,"{""batch_size"": 65536, ""depth"": 3, ""dropout"": 0.13435159092038748, ""lr"": 0.0007639441103778272, ""weight_decay"": 0.00023162206245776044, ""width"": 384}",bluetooth,refine,ok,0.35920876264572144,9,0.9995240123255755,0.0,0.9998413513905736,1.0,0.9990484775641025
1,5.598327330080792,0.0,,complex_mlp,1.0497966422893712,"{""batch_size"": 16384, ""depth"": 3, ""dropout"": 0.14812446438696636, ""lr"": 0.00046666897283317404, ""weight_decay"": 0.0003091258563641667, ""width"": 384}",bluetooth,refine,ok,0.16395872831344604,10,0.9997996393508315,0.0,0.9999400587707933,1.0,0.9995993589743589
1,3.568020078120753,0.0,,complex_mlp,1.0494456391171505,"{""batch_size"": 16384, ""depth"": 3, ""dropout"": 0.1299421777671438, ""lr"": 0.0004970398335575083, ""weight_decay"": 0.00016759144953344077, ""width"": 512}",bluetooth,refine,ok,0.2872569262981415,11,0.9994488149521471,0.0,0.9999364833000673,1.0,0.9988982371794872
1,4.894856691127643,0.0,,complex_mlp,1.0497706635196524,"{""batch_size"": 16384, ""depth"": 3, ""dropout"": 0.055184114546271715, ""lr"": 0.00044297224263399837, ""weight_decay"": 0.00010833233370505722, ""width"": 384}",bluetooth,refine,ok,0.21237704157829285,12,0.9997745886242393,0.0,0.9999214979082627,1.0,0.9995492788461539
1,1.2742100099567324,0.0,56,xgboost,1.049713115969536,"{""colsample_bytree"": 0.8786776956030992, ""gamma"": 0.0251243224488557, ""learning_rate"": 0.04150384876160038, ""max_bin"": 256, ""max_depth"": 4, ""min_child_weight"": 0.8997968057437559, ""n_estimators"": 2839, ""reg_alpha"": 0.04418272351332807, ""reg_lambda"": 0.010862749493999724, ""subsample"": 0.8649270351428118}",mqtt,coarse,ok,0.9408913254737854,1,0.9999661975639711,2.530812643939969e-05,0.9999999933991764,0.9999774647887324,0.9999549305931134
1,1.3105352688580751,0.0,7,xgboost,1.048127024932756,"{""colsample_bytree"": 0.8622754492459435, ""gamma"": 0.00026106980237664896, ""learning_rate"": 0.09234159687179823, ""max_bin"": 512, ""max_depth"": 8, ""min_child_weight"": 32.90501930671524, ""n_estimators"": 1710, ""reg_alpha"": 0.2320556116761927, ""reg_lambda"": 2.252751212153812, ""subsample"": 0.7790927432806265}",mqtt,coarse,ok,0.7400617003440857,2,0.9998985995470779,0.00017715688507579784,0.9999998847287199,0.9998422748473446,0.9999549305931134
1,1.3494535891804844,0.0,149,xgboost,1.049988732445157,"{""colsample_bytree"": 0.6604673306577502, ""gamma"": 0.0008116023287848712, ""learning_rate"": 0.012032198516715794, ""max_bin"": 256, ""max_depth"": 4, ""min_child_weight"": 1.6976735436364194, ""n_estimators"": 2357, ""reg_alpha"": 0.013854735464684216, ""reg_lambda"": 0.04675026520669811, ""subsample"": 0.8051707702913395}",mqtt,coarse,ok,0.7818166613578796,3,0.9999887325213237,0.0,0.9999999984766645,1.0,0.9999774652965567
1,1.5960526659619063,0.0,31,xgboost,1.049701847906859,"{""colsample_bytree"": 0.710770352106502, ""gamma"": 3.468097062318216, ""learning_rate"": 0.0697479654803996, ""max_bin"": 384, ""max_depth"": 8, ""min_child_weight"": 22.171369103823164, ""n_estimators"": 1898, ""reg_alpha"": 0.15207966709759105, ""reg_lambda"": 6.66647910051654, ""subsample"": 0.9505350809734119}",mqtt,coarse,ok,0.8786556124687195,4,0.9999549295774648,2.530812643939969e-05,0.9999999918757608,0.9999774642808852,0.9999323958896701
1,1.471060681156814,0.0,27,xgboost,1.05,"{""colsample_bytree"": 0.7529839364780667, ""gamma"": 0.0017441888505823205, ""learning_rate"": 0.09860615300852638, ""max_bin"": 512, ""max_depth"": 9, ""min_child_weight"": 1.2711172613992399, ""n_estimators"": 1595, ""reg_alpha"": 0.009562148885302713, ""reg_lambda"": 0.028468732162618072, ""subsample"": 0.9996509535508171}",mqtt,coarse,ok,0.8607712984085083,5,1.0,0.0,1.0,1.0,1.0
1,1.3211995800957084,0.0,26,xgboost,1.05,"{""colsample_bytree"": 0.6611098292926406, ""gamma"": 0.00020984320210385565, ""learning_rate"": 0.017482604405549378, ""max_bin"": 384, ""max_depth"": 7, ""min_child_weight"": 1.5259518788390458, ""n_estimators"": 2163, ""reg_alpha"": 0.12054924117063172, ""reg_lambda"": 0.049870497016580945, ""subsample"": 0.7796688781951638}",mqtt,coarse,ok,0.6040411591529846,6,1.0,0.0,1.0,1.0,1.0
1,1.3458173659164459,0.0,28,xgboost,1.05,"{""colsample_bytree"": 0.7221540623949183, ""gamma"": 0.00046839829284389933, ""learning_rate"": 0.09831664508015996, ""max_bin"": 512, ""max_depth"": 8, ""min_child_weight"": 11.470993822256306, ""n_estimators"": 2472, ""reg_alpha"": 5.435856912312574, ""reg_lambda"": 0.5987730964849185, ""subsample"": 0.7187610254670818}",mqtt,coarse,ok,0.8826426267623901,7,1.0,0.0,1.0,1.0,1.0
1,1.2777427500113845,0.0,19,xgboost,1.05,"{""colsample_bytree"": 0.739407752293565, ""gamma"": 0.1577148188205859, ""learning_rate"": 0.06295828399159593, ""max_bin"": 384, ""max_depth"": 6, ""min_child_weight"": 4.5540879701828665, ""n_estimators"": 3003, ""reg_alpha"": 0.058921752697600374, ""reg_lambda"": 0.005820494158756803, ""subsample"": 0.8808939856603367}",mqtt,coarse,ok,0.7400076389312744,8,1.0,0.0,1.0,1.0,1.0
1,1.3649168729316443,0.0,60,xgboost,1.0497356514854461,"{""colsample_bytree"": 0.9531401363222932, ""gamma"": 0.003898586972350391, ""learning_rate"": 0.04660117486325538, ""max_bin"": 384, ""max_depth"": 8, ""min_child_weight"": 25.33494726007447, ""n_estimators"": 1321, ""reg_alpha"": 0.23086766441810397, ""reg_lambda"": 0.4935497958480929, ""subsample"": 0.9628098721831546}",mqtt,coarse,ok,0.8927903175354004,9,0.9999887327752301,2.530812643939969e-05,0.9999999994921984,0.9999774658043581,1.0
1,1.752658437937498,0.0,86,xgboost,1.05,"{""colsample_bytree"": 0.8252657609277251, ""gamma"": 0.001014657936988357, ""learning_rate"": 0.03794899914833756, ""max_bin"": 384, ""max_depth"": 9, ""min_child_weight"": 2.1365490760968675, ""n_estimators"": 1753, ""reg_alpha"": 0.00011696897189303898, ""reg_lambda"": 4.324479760087122, ""subsample"": 0.6853867786458078}",mqtt,coarse,ok,0.9094538688659668,10,1.0,0.0,0.9999999999999999,1.0,1.0
1,1.325942019931972,0.0,11,xgboost,1.05,"{""colsample_bytree"": 0.9175319612012912, ""gamma"": 0.0005457439883517747, ""learning_rate"": 0.14142745838203147, ""max_bin"": 384, ""max_depth"": 7, ""min_child_weight"": 2.103357818882276, ""n_estimators"": 1401, ""reg_alpha"": 0.024831414634467402, ""reg_lambda"": 0.010247446858724108, ""subsample"": 0.726935462909146}",mqtt,coarse,ok,0.8231858611106873,11,1.0,0.0,1.0,1.0,1.0
1,1.2672968900296837,0.0,83,xgboost,1.0491956847174113,"{""colsample_bytree"": 0.8308796169167606, ""gamma"": 0.0010618054256434325, ""learning_rate"": 0.020843167948720667, ""max_bin"": 256, ""max_depth"": 4, ""min_child_weight"": 26.499071568074108, ""n_estimators"": 2047, ""reg_alpha"": 0.000545119767722411, ""reg_lambda"": 0.4222300123833019, ""subsample"": 0.7576140996506112}",mqtt,coarse,ok,0.7552725076675415,12,0.9999549316087162,7.592437931819907e-05,0.9999999380375434,0.99993239893641,0.9999774652965567
1,1.3757155111525208,0.0,11,xgboost,1.05,"{""colsample_bytree"": 0.6644162949488925, ""gamma"": 0.0020221204236848442, ""learning_rate"": 0.14641456881032502, ""max_bin"": 512, ""max_depth"": 9, ""min_child_weight"": 2.3546374547723476, ""n_estimators"": 1965, ""reg_alpha"": 0.008318087330782866, ""reg_lambda"": 0.027513681172954593, ""subsample"": 1.0}",mqtt,refine,ok,0.7826322913169861,13,1.0,0.0,1.0,1.0,1.0
1,1.4175466720480472,0.0,25,xgboost,1.05,"{""colsample_bytree"": 0.7153145542596405, ""gamma"": 0.0021310295179203763, ""learning_rate"": 0.11865058236650465, ""max_bin"": 512, ""max_depth"": 9, ""min_child_weight"": 0.8365660942042705, ""n_estimators"": 2042, ""reg_alpha"": 0.007490879666418281, ""reg_lambda"": 0.04100978304506764, ""subsample"": 1.0}",mqtt,refine,ok,0.8688241839408875,14,1.0,0.0,1.0,1.0,1.0
1,1.3375141639262438,0.0,16,xgboost,1.05,"{""colsample_bytree"": 0.7357745833073285, ""gamma"": 0.0027878086102469187, ""learning_rate"": 0.13852303614833794, ""max_bin"": 512, ""max_depth"": 7, ""min_child_weight"": 3.0934012525932086, ""n_estimators"": 1637, ""reg_alpha"": 0.016862837874617027, ""reg_lambda"": 0.024961849787665746, ""subsample"": 0.992209640236581}",mqtt,refine,ok,0.846076250076294,15,1.0,0.0,1.0,1.0,1.0
1,1.3528610670473427,0.0,36,xgboost,1.0497356514854461,"{""colsample_bytree"": 0.7593128052445474, ""gamma"": 0.0018842520628780401, ""learning_rate"": 0.17001938294490113, ""max_bin"": 384, ""max_depth"": 7, ""min_child_weight"": 0.8386483530945519, ""n_estimators"": 1523, ""reg_alpha"": 0.007382465361521352, ""reg_lambda"": 0.024065889533036594, ""subsample"": 1.0}",mqtt,refine,ok,0.9521517157554626,16,0.9999887327752301,2.530812643939969e-05,0.9999999994921986,0.9999774658043581,1.0
1,1.836070281919092,0.0,128,xgboost,1.05,"{""colsample_bytree"": 0.8435668175465215, ""gamma"": 0.0027826324791842636, ""learning_rate"": 0.10152620491841009, ""max_bin"": 384, ""max_depth"": 8, ""min_child_weight"": 1.6897146459229448, ""n_estimators"": 1374, ""reg_alpha"": 0.002868324420014363, ""reg_lambda"": 0.04905765312452384, ""subsample"": 1.0}",mqtt,refine,ok,0.9756078720092773,17,1.0,0.0,1.0,1.0,1.0
1,1.4851812210399657,0.0,125,xgboost,1.0497356514854461,"{""colsample_bytree"": 0.7066517594492836, ""gamma"": 0.0022528006830994825, ""learning_rate"": 0.05994333627362363, ""max_bin"": 384, ""max_depth"": 7, ""min_child_weight"": 1.242073787768631, ""n_estimators"": 1387, ""reg_alpha"": 0.021866611584542957, ""reg_lambda"": 0.04539369441362135, ""subsample"": 1.0}",mqtt,refine,ok,0.945099949836731,18,0.9999887327752301,2.530812643939969e-05,0.9999999994921986,0.9999774658043581,1.0
1,0.8285768930800259,0.0,7,catboost,1.0489200709336024,"{""bagging_temperature"": 2.2962099834449656, ""border_count"": 64, ""depth"": 6, ""iterations"": 3090, ""l2_leaf_reg"": 1.2191582301153963, ""learning_rate"": 0.0639845202385478, ""random_strength"": 1.990884761937767}",mqtt,coarse,ok,0.6499758981498974,1,0.9999323974130744,0.00010123250575759876,0.9999999715620789,0.9999098652485465,0.9999549305931134
1,1.4231977958697826,0.0,4,catboost,1.049471303021675,"{""bagging_temperature"": 2.8110561574143276, ""border_count"": 128, ""depth"": 6, ""iterations"": 4033, ""l2_leaf_reg"": 11.588348885561135, ""learning_rate"": 0.09604787470858613, ""random_strength"": 0.7073419722821656}",mqtt,coarse,ok,0.612624060703897,2,0.9999774658043581,5.061625287879938e-05,0.9999999949221003,0.9999549326242733,1.0
1,1.4457469631452113,0.0,2,catboost,1.0494374988336836,"{""bagging_temperature"": 0.465407107976626, ""border_count"": 254, ""depth"": 6, ""iterations"": 2890, ""l2_leaf_reg"": 2.521731945814699, ""learning_rate"": 0.032748615392877836, ""random_strength"": 0.31917731321656156}",mqtt,coarse,ok,0.5791041888521687,3,0.9999436626066185,5.061625287879938e-05,0.9999999751170664,0.9999549295774648,0.9999323958896701
1,1.3687363758217543,0.0,2,catboost,1.0494487672010948,"{""bagging_temperature"": 0.6878322437872677, ""border_count"": 254, ""depth"": 5, ""iterations"": 3055, ""l2_leaf_reg"": 4.965740897226121, ""learning_rate"": 0.11001890036349307, ""random_strength"": 1.3293910166586842}",mqtt,coarse,ok,0.7331760655792222,4,0.9999549305931134,5.061625287879938e-05,0.9999999827353924,0.9999549305931134,0.9999549305931134
1,1.4459160899277776,0.0,4,catboost,1.049195686648025,"{""bagging_temperature"": 0.9510517506063547, ""border_count"": 128, ""depth"": 6, ""iterations"": 4494, ""l2_leaf_reg"": 1.54372448095893, ""learning_rate"": 0.059398417766215406, ""random_strength"": 2.04175714268637}",mqtt,coarse,ok,0.6761081540325949,5,0.9999549316087162,7.592437931819907e-05,0.9999999766498148,0.99993239893641,0.9999774652965567
1,2.3018937590532005,0.0,3,catboost,1.0499887323690005,"{""bagging_temperature"": 1.4254505305088907, ""border_count"": 128, ""depth"": 9, ""iterations"": 3167, ""l2_leaf_reg"": 21.89381214285338, ""learning_rate"": 0.10858849081055394, ""random_strength"": 2.9507182797622655}",mqtt,coarse,ok,0.6075476059505531,6,0.9999887325213237,0.0,0.9999999969535346,1.0,0.9999774652965567
1,2.5491755378898233,0.0,266,catboost,1.049471295915908,"{""bagging_temperature"": 1.6973209127751872, ""border_count"": 64, ""depth"": 7, ""iterations"": 4165, ""l2_leaf_reg"": 6.733334520433032, ""learning_rate"": 0.03858033124586582, ""random_strength"": 0.07473065067916862}",mqtt,coarse,ok,0.8255354921110285,7,0.9999774658043581,5.061625287879938e-05,0.9999998528067606,0.9999549326242733,1.0
1,1.3614656508434564,0.0,3,catboost,1.0499887321659669,"{""bagging_temperature"": 2.2455552620635153, ""border_count"": 128, ""depth"": 5, ""iterations"": 3072, ""l2_leaf_reg"": 7.966658007812442, ""learning_rate"": 0.11608486641992255, ""random_strength"": 0.09810343676518604}",mqtt,coarse,ok,0.46696961222720573,8,0.9999887325213237,0.0,0.9999999928928622,1.0,0.9999774652965567
1,1.510258762864396,0.0,3,catboost,1.0484139116038693,"{""bagging_temperature"": 4.801713358515288, ""border_count"": 254, ""depth"": 6, ""iterations"": 2183, ""l2_leaf_reg"": 13.451670354058633, ""learning_rate"": 0.017529452420301996, ""random_strength"": 2.359905031406147}",mqtt,coarse,ok,0.5241150922402147,9,0.9999324004596769,0.00015184875863639814,0.9999999746111304,0.9998648100581317,1.0
1,1.4929697669576854,0.0,3,catboost,1.0494600355937886,"{""bagging_temperature"": 0.630169346249478, ""border_count"": 254, ""depth"": 6, ""iterations"": 3259, ""l2_leaf_reg"": 1.8048198044312964, ""learning_rate"": 0.07729486252045022, ""random_strength"": 0.7414530527971293}",mqtt,coarse,ok,0.6142255799368923,10,0.9999661983256904,5.061625287879938e-05,0.9999999959377259,0.9999549316087162,0.9999774652965567
1,1.9218366360291839,0.0,220,catboost,1.0484026253517613,"{""bagging_temperature"": 2.7285065113258113, ""border_count"": 64, ""depth"": 5, ""iterations"": 4294, ""l2_leaf_reg"": 5.346548209337272, ""learning_rate"": 0.040877390367224695, ""random_strength"": 0.037071665430209344}",mqtt,coarse,ok,0.7665937417321302,11,0.9999211329810607,0.00015184875863639814,0.9999995991412955,0.9998648070120096,0.9999774652965567
1,1.6270069738384336,0.0,112,catboost,1.0497131149787524,"{""bagging_temperature"": 1.5811845374000946, ""border_count"": 64, ""depth"": 5, ""iterations"": 3095, ""l2_leaf_reg"": 1.2157669147181223, ""learning_rate"": 0.043436115910001606, ""random_strength"": 0.036883539456064166}",mqtt,coarse,ok,0.8914707153204171,12,0.9999661975639711,2.530812643939969e-05,0.9999999735835053,0.9999774647887324,0.9999549305931134
1,6.745202630991116,0.0,122,catboost,1.0484025670238641,"{""bagging_temperature"": 2.384295382112787, ""border_count"": 64, ""depth"": 11, ""iterations"": 2936, ""l2_leaf_reg"": 11.780995303995924, ""learning_rate"": 0.16887480729032062, ""random_strength"": 3.398820465639072}",mqtt,refine,ok,0.7035171185465418,13,0.9999211329810607,0.00015184875863639814,0.9999984325833524,0.9998648070120096,0.9999774652965567
1,2.320636009797454,0.0,3,catboost,1.05,"{""bagging_temperature"": 1.6220892442541575, ""border_count"": 128, ""depth"": 9, ""iterations"": 3740, ""l2_leaf_reg"": 19.246896561821238, ""learning_rate"": 0.13749792661473095, ""random_strength"": 2.088376412170006}",mqtt,refine,ok,0.7295350369740818,14,1.0,0.0,1.0,1.0,1.0
1,4.776015485869721,0.0,3,catboost,1.049460034604599,"{""bagging_temperature"": 3.369728860411722, ""border_count"": 254, ""depth"": 11, ""iterations"": 3858, ""l2_leaf_reg"": 14.813342708837009, ""learning_rate"": 0.10207591187065033, ""random_strength"": 2.496112193738867}",mqtt,refine,ok,0.664156352627227,15,0.9999661983256904,5.061625287879938e-05,0.9999999761539339,0.9999549316087162,0.9999774652965567
1,2.0318421779666096,0.0,2,catboost,1.0499774633423788,"{""bagging_temperature"": 1.612169218106449, ""border_count"": 128, ""depth"": 8, ""iterations"": 4237, ""l2_leaf_reg"": 16.890742019211874, ""learning_rate"": 0.2584944082389646, ""random_strength"": 3.6280612551413123}",mqtt,refine,ok,0.711966005257043,16,0.9999774647887324,0.0,0.9999999710729304,1.0,0.9999549305931134
1,1.7790425790008157,0.0,1,catboost,1.049988731810834,"{""bagging_temperature"": 2.4654662808185295, ""border_count"": 128, ""depth"": 8, ""iterations"": 3113, ""l2_leaf_reg"": 29.237914416536874, ""learning_rate"": 0.1550368441455337, ""random_strength"": 3.1973874168096548}",mqtt,refine,ok,0.6289700007039373,17,0.9999887325213237,0.0,0.999999985790206,1.0,0.9999774652965567
1,1.759088678052649,0.0,3,catboost,1.049206955065684,"{""bagging_temperature"": 1.2564954445555832, ""border_count"": 64, ""depth"": 8, ""iterations"": 3576, ""l2_leaf_reg"": 14.142096618272051, ""learning_rate"": 0.13912774605739456, ""random_strength"": 1.5256548965462862}",mqtt,refine,ok,0.569391078018577,18,0.9999661990873754,7.592437931819907e-05,0.9999999954298101,0.9999324004596769,1.0
1,1.8129459000192583,0.0,21,lightgbm,1.0499549272421247,"{""colsample_bytree"": 0.9335778860314816, ""learning_rate"": 0.040772791882945345, ""max_depth"": 8, ""min_child_samples"": 288, ""min_split_gain"": 0.3665201289278214, ""n_estimators"": 3480, ""num_leaves"": 200, ""reg_alpha"": 0.01711802986422544, ""reg_lambda"": 0.20669895289112103, ""subsample"": 0.7704574541774666, ""subsample_freq"": 1}",mqtt,coarse,ok,0.7654169529722594,1,0.9999549285617704,0.0,0.9999999736070884,1.0,0.9999098611862268
1,1.234567233826965,0.0,35,lightgbm,1.049471303021667,"{""colsample_bytree"": 0.8706970897208101, ""learning_rate"": 0.1208762650635995, ""max_depth"": 14, ""min_child_samples"": 225, ""min_split_gain"": 0.7175955961114486, ""n_estimators"": 4384, ""num_leaves"": 118, ""reg_alpha"": 0.011946701750815891, ""reg_lambda"": 0.033463212072146614, ""subsample"": 0.8294589758480824, ""subsample_freq"": 1}",mqtt,coarse,ok,0.8547948230615364,2,0.9999774658043581,5.061625287879938e-05,0.99999999492194,0.9999549326242733,1.0
1,1.2582258798647672,0.0,46,lightgbm,1.05,"{""colsample_bytree"": 0.6688035253199286, ""learning_rate"": 0.12243708752815555, ""max_depth"": 10, ""min_child_samples"": 50, ""min_split_gain"": 0.5917285669541076, ""n_estimators"": 2855, ""num_leaves"": 263, ""reg_alpha"": 0.028564908046589725, ""reg_lambda"": 5.977601495314221, ""subsample"": 0.943703952465953, ""subsample_freq"": 1}",mqtt,coarse,ok,0.8252866424842173,3,1.0,0.0,1.0,1.0,1.0
1,1.2208821738604456,0.0,45,lightgbm,1.0497356514854461,"{""colsample_bytree"": 0.9819471666620946, ""learning_rate"": 0.09612177298055234, ""max_depth"": -1, ""min_child_samples"": 288, ""min_split_gain"": 0.1623216529053193, ""n_estimators"": 4834, ""num_leaves"": 174, ""reg_alpha"": 4.201612769213616, ""reg_lambda"": 0.12331028826321112, ""subsample"": 0.7158905274380823, ""subsample_freq"": 1}",mqtt,coarse,ok,0.84462517724842,4,0.9999887327752301,2.530812643939969e-05,0.9999999994921985,0.9999774658043581,1.0
1,1.5652219199109823,0.0,72,lightgbm,1.05,"{""colsample_bytree"": 0.8142153953871335, ""learning_rate"": 0.040701837019593956, ""max_depth"": 12, ""min_child_samples"": 58, ""min_split_gain"": 0.6502670523529469, ""n_estimators"": 4432, ""num_leaves"": 179, ""reg_alpha"": 0.0038529217099919637, ""reg_lambda"": 0.07282653794701109, ""subsample"": 0.7470943623537196, ""subsample_freq"": 1}",mqtt,coarse,ok,0.8785757357770606,5,1.0,0.0,0.9999999999999999,1.0,1.0
1,1.127728755120188,0.0,4,lightgbm,1.0499661925256443,"{""colsample_bytree"": 0.7225228651399551, ""learning_rate"": 0.013155646024591605, ""max_depth"": 8, ""min_child_samples"": 328, ""min_split_gain"": 0.588209489788872, ""n_estimators"": 2770, ""num_leaves"": 261, ""reg_alpha"": 0.0025847606241215424, ""reg_lambda"": 16.701089193878627, ""subsample"": 0.6723520719675451, ""subsample_freq"": 1}",mqtt,coarse,ok,0.5128269775766546,6,0.9999661968022175,0.0,0.9999999144685354,1.0,0.9999323958896701
1,4.058143042959273,0.0,699,lightgbm,1.04973565138388,"{""colsample_bytree"": 0.8118862192570881, ""learning_rate"": 0.030779955610497397, ""max_depth"": 10, ""min_child_samples"": 203, ""min_split_gain"": 0.365825072326628, ""n_estimators"": 3763, ""num_leaves"": 63, ""reg_alpha"": 1.3480018719534115, ""reg_lambda"": 70.2919097451779, ""subsample"": 0.8359780551493351, ""subsample_freq"": 1}",mqtt,coarse,ok,0.7650589161273083,7,0.9999887327752301,2.530812643939969e-05,0.9999999974608785,0.9999774658043581,1.0
1,1.9612699418794364,0.0,46,lightgbm,1.05,"{""colsample_bytree"": 0.9577608185685751, ""learning_rate"": 0.059809541609806754, ""max_depth"": 14, ""min_child_samples"": 169, ""min_split_gain"": 0.3131977570408735, ""n_estimators"": 1800, ""num_leaves"": 132, ""reg_alpha"": 0.04937015258580042, ""reg_lambda"": 0.017920487089464854, ""subsample"": 0.9062940740731207, ""subsample_freq"": 1}",mqtt,coarse,ok,0.8260574453667997,8,1.0,0.0,1.0,1.0,1.0
1,1.4613060660194606,0.0,44,lightgbm,1.05,"{""colsample_bytree"": 0.7876983205421959, ""learning_rate"": 0.07311704708709846, ""max_depth"": 14, ""min_child_samples"": 39, ""min_split_gain"": 0.3217411367845078, ""n_estimators"": 2489, ""num_leaves"": 48, ""reg_alpha"": 0.2928630025663569, ""reg_lambda"": 1.141310021399344, ""subsample"": 0.7379981165761671, ""subsample_freq"": 1}",mqtt,coarse,ok,0.883651520634282,9,1.0,0.0,1.0,1.0,1.0
1,1.3183212508447468,0.0,67,lightgbm,1.0497356514854461,"{""colsample_bytree"": 0.7520565952545105, ""learning_rate"": 0.09193775671422479, ""max_depth"": 6, ""min_child_samples"": 200, ""min_split_gain"": 0.9065375866778926, ""n_estimators"": 3444, ""num_leaves"": 141, ""reg_alpha"": 0.016160242404357757, ""reg_lambda"": 0.12327166042649736, ""subsample"": 0.8608256393039115, ""subsample_freq"": 1}",mqtt,coarse,ok,0.8631517750110012,10,0.9999887327752301,2.530812643939969e-05,0.9999999994921986,0.9999774658043581,1.0
1,2.1923400699160993,0.0,201,lightgbm,1.049471302945464,"{""colsample_bytree"": 0.7410141740807316, ""learning_rate"": 0.13481620698752073, ""max_depth"": 14, ""min_child_samples"": 286, ""min_split_gain"": 0.5575152860460181, ""n_estimators"": 2044, ""num_leaves"": 314, ""reg_alpha"": 0.21732012023666186, ""reg_lambda"": 0.007686611914194587, ""subsample"": 0.7429320899000457, ""subsample_freq"": 1}",mqtt,coarse,ok,0.8402346573541087,11,0.9999774658043581,5.061625287879938e-05,0.9999999933978835,0.9999549326242733,1.0
1,2.0625869280193,0.0,177,lightgbm,1.05,"{""colsample_bytree"": 0.6744013847093207, ""learning_rate"": 0.10102385917492859, ""max_depth"": 6, ""min_child_samples"": 234, ""min_split_gain"": 0.23934853794974686, ""n_estimators"": 2792, ""num_leaves"": 206, ""reg_alpha"": 0.00018662560748370605, ""reg_lambda"": 0.7378530982876573, ""subsample"": 0.8131281793892172, ""subsample_freq"": 1}",mqtt,coarse,ok,0.9383252963990127,12,1.0,0.0,1.0,1.0,1.0
1,1.6556910241488367,0.0,42,lightgbm,1.05,"{""colsample_bytree"": 0.7285322136895448, ""learning_rate"": 0.08557355969184943, ""max_depth"": -1, ""min_child_samples"": 89, ""min_split_gain"": 0.8048033792693313, ""n_estimators"": 3254, ""num_leaves"": 251, ""reg_alpha"": 0.02461182221057672, ""reg_lambda"": 4.987663242808232, ""subsample"": 0.9373024674929438, ""subsample_freq"": 1}",mqtt,refine,ok,0.8254697283185972,13,1.0,0.0,1.0,1.0,1.0
1,1.3141206470318139,0.0,14,lightgbm,1.05,"{""colsample_bytree"": 0.6750527289494422, ""learning_rate"": 0.13985052314466187, ""max_depth"": 14, ""min_child_samples"": 106, ""min_split_gain"": 0.2508302333481363, ""n_estimators"": 3251, ""num_leaves"": 224, ""reg_alpha"": 0.0690920608650207, ""reg_lambda"": 3.3536623082360104, ""subsample"": 0.8962574111254735, ""subsample_freq"": 1}",mqtt,refine,ok,0.7163431203713864,14,1.0,0.0,0.9999999999999998,1.0,1.0
1,1.418292798101902,0.0,34,lightgbm,1.05,"{""colsample_bytree"": 0.8122060007412071, ""learning_rate"": 0.07702400285853092, ""max_depth"": 14, ""min_child_samples"": 10, ""min_split_gain"": 0.47690054070508464, ""n_estimators"": 2735, ""num_leaves"": 268, ""reg_alpha"": 0.020959667112473518, ""reg_lambda"": 1.680322395859533, ""subsample"": 0.9003944686364016, ""subsample_freq"": 1}",mqtt,refine,ok,0.8362065732732625,15,1.0,0.0,1.0,1.0,1.0
1,1.202187961898744,0.0,59,lightgbm,1.0497356514600555,"{""colsample_bytree"": 0.7114682154564637, ""learning_rate"": 0.24, ""max_depth"": 8, ""min_child_samples"": 104, ""min_split_gain"": 0.6122057402583202, ""n_estimators"": 2057, ""num_leaves"": 243, ""reg_alpha"": 0.03516193838439037, ""reg_lambda"": 8.877190661438206, ""subsample"": 0.9149546066924749, ""subsample_freq"": 1}",mqtt,refine,ok,0.7490886256580014,16,0.9999887327752301,2.530812643939969e-05,0.9999999989843857,0.9999774658043581,1.0
1,1.3300706059671938,0.0,46,lightgbm,1.05,"{""colsample_bytree"": 0.7741391236373887, ""learning_rate"": 0.09468767141180572, ""max_depth"": 12, ""min_child_samples"": 105, ""min_split_gain"": 0.5071632164059892, ""n_estimators"": 3409, ""num_leaves"": 287, ""reg_alpha"": 0.01939547130193479, ""reg_lambda"": 8.776449380915095, ""subsample"": 0.8503060543967127, ""subsample_freq"": 1}",mqtt,refine,ok,0.799974727770771,17,1.0,0.0,1.0,1.0,1.0
1,1.3250868420582265,0.0,16,lightgbm,1.05,"{""colsample_bytree"": 0.7489180223567665, ""learning_rate"": 0.12079497329131779, ""max_depth"": 8, ""min_child_samples"": 74, ""min_split_gain"": 0.67083366038023, ""n_estimators"": 3520, ""num_leaves"": 219, ""reg_alpha"": 0.021885232412308792, ""reg_lambda"": 4.2459406169067595, ""subsample"": 1.0, ""subsample_freq"": 1}",mqtt,refine,ok,0.7499861514683615,18,1.0,0.0,1.0,1.0,1.0
1,7.957255721092224,0.0,,complex_mlp,0.9434586594120353,"{""batch_size"": 16384, ""depth"": 4, ""dropout"": 0.25655304983422106, ""lr"": 0.0002448875919678215, ""weight_decay"": 1.8747841641334388e-06, ""width"": 384}",mqtt,coarse,ok,0.07848899811506271,1,0.9935369294232693,0.009996709943562878,0.9977765884878966,0.9911417102105806,0.9959437533802055
1,13.800560746109113,0.0,,complex_mlp,0.9425502486047186,"{""batch_size"": 32768, ""depth"": 3, ""dropout"": 0.24866011268568955, ""lr"": 0.0004747738550868365, ""weight_decay"": 0.00043497811325994985, ""width"": 640}",mqtt,coarse,ok,0.023048846051096916,2,0.9925970928401062,0.009996709943562878,0.9984051040048224,0.991125190976903,0.9940733729944113
1,8.084941174834967,0.0,,complex_mlp,0.9756225157311739,"{""batch_size"": 32768, ""depth"": 3, ""dropout"": 0.12647445622158993, ""lr"": 0.0014000794058187558, ""weight_decay"": 2.201287974686942e-05, ""width"": 256}",mqtt,coarse,ok,0.025729158893227577,3,0.9965394813716237,0.007086275403031914,0.9989157677973843,0.9937259119835081,0.9993690283035875
1,6.262505368096754,0.0,,complex_mlp,0.9447886759933914,"{""batch_size"": 65536, ""depth"": 3, ""dropout"": 0.2569178305621722, ""lr"": 0.0006579378291551861, ""weight_decay"": 0.00034365743990779507, ""width"": 256}",mqtt,coarse,ok,0.47052446007728577,4,0.9948475017680141,0.009996709943562878,0.9981654732201222,0.9911646945668463,0.9985577789796286
1,21.730760928010568,0.0,,complex_mlp,0.9675561134913947,"{""batch_size"": 65536, ""depth"": 2, ""dropout"": 0.21361053066711694, ""lr"": 0.000321572989445342, ""weight_decay"": 1.235192922293244e-06, ""width"": 384}",mqtt,coarse,ok,0.0359029546380043,5,0.9963277819578424,0.007870827322653304,0.9987320952017076,0.9930379888518278,0.9996394447449072
1,5.580494684865698,0.0,,complex_mlp,0.9655708977245583,"{""batch_size"": 16384, ""depth"": 4, ""dropout"": 0.09031338553909796, ""lr"": 0.0015069935246066737, ""weight_decay"": 0.0005159641220958139, ""width"": 384}",mqtt,coarse,ok,0.025296969339251518,6,0.9961141933020372,0.008047984207729102,0.9987309299962429,0.9928804907535933,0.9993690283035875
1,9.17780027887784,0.0,,complex_mlp,0.9892350494233675,"{""batch_size"": 16384, ""depth"": 4, ""dropout"": 0.11609650353274276, ""lr"": 0.00012326085903706493, ""weight_decay"": 7.383645186011859e-07, ""width"": 512}",mqtt,coarse,ok,0.07100855559110641,7,0.9969867326287385,0.00577025282818313,0.9990169015292055,0.9948837626783951,0.9990986118622679
1,21.76950838789344,0.0,,complex_mlp,0.9750223963933176,"{""batch_size"": 65536, ""depth"": 3, ""dropout"": 0.26908132926737977, ""lr"": 0.0002942019499966074, ""weight_decay"": 2.022349842863931e-07, ""width"": 256}",mqtt,coarse,ok,0.057684771716594696,8,0.9964381622265419,0.007136891655910713,0.9990630145176582,0.9936803890370437,0.9992112853794844
1,10.212412399007007,0.0,,complex_mlp,0.9449994391861682,"{""batch_size"": 32768, ""depth"": 4, ""dropout"": 0.16400034746082262, ""lr"": 0.00024296654812602274, ""weight_decay"": 8.611685838592119e-07, ""width"": 384}",mqtt,refine,ok,0.08806973695755005,9,0.9950731176279137,0.009996709943562878,0.9978684198776653,0.9911686453372683,0.9990084730484947
1,22.01215405506082,0.0,,complex_mlp,0.9489239656086563,"{""batch_size"": 65536, ""depth"": 4, ""dropout"": 0.16148076896174166, ""lr"": 0.0001274606468597432, ""weight_decay"": 3.964796515884638e-07, ""width"": 512}",mqtt,refine,ok,0.05363607779145241,10,0.9946648995316343,0.009566471794093083,0.9984756803590569,0.9915354815594419,0.9978141337659996
1,20.319968030788004,0.0,,complex_mlp,0.9668417241831118,"{""batch_size"": 16384, ""depth"": 2, ""dropout"": 0.1658629180864017, ""lr"": 7.693051875201038e-05, ""weight_decay"": 8.435879533488107e-07, ""width"": 512}",mqtt,refine,ok,0.0412864126265049,11,0.9961250322913976,0.007921443575532103,0.9986225529407031,0.9929910204447231,0.9992788894898144
1,20.647430505836383,0.0,,complex_mlp,0.9400126061051908,"{""batch_size"": 65536, ""depth"": 4, ""dropout"": 0.11690552768498327, ""lr"": 0.0001036685964909778, ""weight_decay"": 8.736990903741277e-07, ""width"": 640}",mqtt,refine,ok,0.06703674793243408,12,0.9900860561902936,0.009996709943562878,0.9978729870105195,0.9910809041027842,0.9890932035334415
1,5.972021943889558,0.0,554,xgboost,0.9482303752421637,"{""colsample_bytree"": 0.7499770354260681, ""gamma"": 0.6579205673010109, ""learning_rate"": 0.06511178464258173, ""max_bin"": 256, ""max_depth"": 12, ""min_child_weight"": 1.4558865544191169, ""n_estimators"": 2310, ""reg_alpha"": 1.1879590456698481, ""reg_lambda"": 1.7522185965878738, ""subsample"": 0.7961146375155035}",wifi,coarse,ok,0.014246727339923382,1,0.9976924315979413,0.009946105983854925,0.9999800696554344,0.999740054673152,0.9956531790793891
1,5.618071313947439,0.0,113,xgboost,0.9477779293441051,"{""colsample_bytree"": 0.6723475810228937, ""gamma"": 0.4139086274198729, ""learning_rate"": 0.11983499963810375, ""max_bin"": 256, ""max_depth"": 11, ""min_child_weight"": 3.4514961680164737, ""n_estimators"": 1873, ""reg_alpha"": 0.0539935368846297, ""reg_lambda"": 0.001985089035069668, ""subsample"": 0.7487862690454923}",wifi,coarse,ok,0.015404658392071724,2,0.9977024114574771,0.009992366941919368,0.9999837461164319,0.9997388514663309,0.9956742509259572
1,5.730807438958436,0.0,214,xgboost,0.9629933135121334,"{""colsample_bytree"": 0.8269054437559336, ""gamma"": 0.0010621978175769221, ""learning_rate"": 0.014989957867107991, ""max_bin"": 384, ""max_depth"": 12, ""min_child_weight"": 43.00902070899418, ""n_estimators"": 1221, ""reg_alpha"": 0.05308353236870912, ""reg_lambda"": 2.9414169312209033, ""subsample"": 0.6832074990859714}",wifi,coarse,ok,0.19257016479969025,3,0.9974207564533892,0.008442624846760576,0.9999761105269985,0.9997792115250375,0.9950734022723879
1,5.463002471020445,0.0,103,xgboost,0.9476719433606597,"{""colsample_bytree"": 0.7720690392437692, ""gamma"": 0.008000731071536963, ""learning_rate"": 0.14984861845525968, ""max_bin"": 512, ""max_depth"": 10, ""min_child_weight"": 26.804905353806447, ""n_estimators"": 1430, ""reg_alpha"": 0.007390399670890875, ""reg_lambda"": 0.020292967014166448, ""subsample"": 0.6851387713798003}",wifi,coarse,ok,0.01875433884561062,4,0.9975962814764044,0.009992366941919368,0.9999866260689771,0.9997387960432438,0.9954629304075174
1,6.36443816893734,0.0,510,xgboost,0.9475487825226219,"{""colsample_bytree"": 0.9494297203394987, ""gamma"": 0.060355170529566335, ""learning_rate"": 0.02628802809237505, ""max_bin"": 384, ""max_depth"": 4, ""min_child_weight"": 0.9801951884902622, ""n_estimators"": 987, ""reg_alpha"": 1.5480180194333426, ""reg_lambda"": 7.030923064701754, ""subsample"": 0.921321367669653}",wifi,coarse,ok,0.014857806265354156,5,0.997473493403748,0.009992366941919368,0.9999791707613476,0.9997387319062774,0.995218496987328
1,7.063243743032217,0.0,672,xgboost,0.9477078990142638,"{""colsample_bytree"": 0.9361549038083874, ""gamma"": 0.022798907403917264, ""learning_rate"": 0.060583462485342944, ""max_bin"": 512, ""max_depth"": 7, ""min_child_weight"": 7.044280059025002, ""n_estimators"": 1741, ""reg_alpha"": 11.029629032199878, ""reg_lambda"": 0.22019405561421432, ""subsample"": 0.6560039840885861}",wifi,coarse,ok,0.018217410892248154,6,0.9976325677589998,0.009992366941919368,0.9999800134891527,0.999738814993954,0.9955351767386079
1,6.446604842087254,0.0,642,xgboost,0.9479152225397689,"{""colsample_bytree"": 0.8171815526717815, ""gamma"": 0.9278054064777779, ""learning_rate"": 0.033528083562953455, ""max_bin"": 256, ""max_depth"": 12, ""min_child_weight"": 1.9651691044381008, ""n_estimators"": 2688, ""reg_alpha"": 0.0062111839104599985, ""reg_lambda"": 34.609696107516996, ""subsample"": 0.9010680819623105}",wifi,coarse,ok,0.01680905930697918,7,0.9976086781423167,0.009969236462887146,0.9999781805264716,0.9997394068270574,0.995487012517881
1,5.876891039079055,0.0,354,xgboost,1.037038354214139,"{""colsample_bytree"": 0.7950732109678332, ""gamma"": 2.231912079792424, ""learning_rate"": 0.019945799626157404, ""max_bin"": 512, ""max_depth"": 4, ""min_child_weight"": 3.733336833334073, ""n_estimators"": 1578, ""reg_alpha"": 0.815796921115107, ""reg_lambda"": 0.003798100813300955, ""subsample"": 0.8051913547390479}",wifi,coarse,ok,0.19427192211151123,8,0.9974480942490981,0.0010408715564499342,0.9999795105908085,0.9999727704769039,0.9949361342433161
1,5.7195325419306755,0.0,173,xgboost,0.9931890892305401,"{""colsample_bytree"": 0.9089219831289347, ""gamma"": 0.0010443336854073309, ""learning_rate"": 0.015053053190378982, ""max_bin"": 512, ""max_depth"": 8, ""min_child_weight"": 4.0392944330279725, ""n_estimators"": 1970, ""reg_alpha"": 0.0013581083569123105, ""reg_lambda"": 0.9650318448689923, ""subsample"": 0.939121700662898}",wifi,coarse,ok,0.09792930632829666,9,0.9973155606041996,0.005412532093539657,0.9999769912347395,0.9998584012533305,0.9947856210535442
1,5.03564878506586,0.0,49,xgboost,0.9547488499282936,"{""colsample_bytree"": 0.9629332446546971, ""gamma"": 0.001296670537499229, ""learning_rate"": 0.04928842420933268, ""max_bin"": 512, ""max_depth"": 5, ""min_child_weight"": 21.07805724893545, ""n_estimators"": 2157, ""reg_alpha"": 0.00026295710250683654, ""reg_lambda"": 0.9286940718137718, ""subsample"": 0.7715957454190817}",wifi,coarse,ok,0.13474035263061523,10,0.9968096704392885,0.009205930654823861,0.999969720744875,0.9997589650759775,0.9938777254928404
1,5.1095233641099185,0.0,107,xgboost,0.9775542816096069,"{""colsample_bytree"": 0.8622472890958742, ""gamma"": 0.0030770873351299594, ""learning_rate"": 0.026757233150910758, ""max_bin"": 256, ""max_depth"": 5, ""min_child_weight"": 5.145979598926262, ""n_estimators"": 1980, ""reg_alpha"": 0.0015786099559227428, ""reg_lambda"": 9.890858444770402, ""subsample"": 0.7247080490314949}",wifi,coarse,ok,0.12904608249664307,11,0.9967158761840631,0.006916013230634006,0.9999707546376774,0.9998188653824485,0.9936320879671328
1,5.172908938955516,0.0,94,xgboost,0.9476200191706898,"{""colsample_bytree"": 0.7584395387651148, ""gamma"": 0.0005105830058159375, ""learning_rate"": 0.15446132677355912, ""max_bin"": 512, ""max_depth"": 4, ""min_child_weight"": 14.91035290063646, ""n_estimators"": 2847, ""reg_alpha"": 0.2500724991476561, ""reg_lambda"": 2.236752452787824, ""subsample"": 0.9351824183713127}",wifi,coarse,ok,0.014783177524805069,12,0.9975445689842166,0.009992366941919368,0.9999823921133351,0.9997387690337296,0.9953599793857135
1,5.197221486130729,0.0,209,xgboost,1.0393496011364705,"{""colsample_bytree"": 0.6841771449042041, ""gamma"": 2.886732040720825, ""learning_rate"": 0.027934037266117116, ""max_bin"": 384, ""max_depth"": 5, ""min_child_weight"": 4.282826504702868, ""n_estimators"": 1882, ""reg_alpha"": 1.0172746374243193, ""reg_lambda"": 0.005098200208731695, ""subsample"": 0.6945505993508694}",wifi,refine,ok,0.20216089487075806,13,0.9974462634929756,0.0008095667661277265,0.9999801060954444,0.9999788211488377,0.9949265013991706
1,5.216340932063758,0.0,196,xgboost,1.0384271712831967,"{""colsample_bytree"": 0.6166909302034189, ""gamma"": 3.2555016570631725, ""learning_rate"": 0.034371550295902706, ""max_bin"": 512, ""max_depth"": 4, ""min_child_weight"": 3.516386607325735, ""n_estimators"": 1455, ""reg_alpha"": 0.3971667192729877, ""reg_lambda"": 0.003306156472808873, ""subsample"": 0.6768183294004687}",wifi,refine,ok,0.2248031497001648,14,0.9974489926795476,0.0009020886822566095,0.999981308524303,0.9999764009514652,0.9949343280850388
1,5.617357624927536,0.0,284,xgboost,1.0421295303582332,"{""colsample_bytree"": 0.6932667398921242, ""gamma"": 3.539166229019938, ""learning_rate"": 0.02557342644631575, ""max_bin"": 512, ""max_depth"": 3, ""min_child_weight"": 4.666533108509644, ""n_estimators"": 1600, ""reg_alpha"": 0.7264182927042149, ""reg_lambda"": 0.0017806513174796763, ""subsample"": 0.6868371509261307}",wifi,refine,ok,0.4886098802089691,15,0.9974504808414861,0.0005320010177410774,0.9999811938831558,0.9999860823850193,0.9949277055046888
1,5.442038904177025,0.0,350,xgboost,1.0435202152830312,"{""colsample_bytree"": 0.6775016601757066, ""gamma"": 2.9145995696312266, ""learning_rate"": 0.023461348691795815, ""max_bin"": 256, ""max_depth"": 3, ""min_child_weight"": 3.2748258933153043, ""n_estimators"": 1442, ""reg_alpha"": 0.4718982101846842, ""reg_lambda"": 0.0010069130660756251, ""subsample"": 0.7344536093744406}",wifi,refine,ok,0.5583205819129944,16,0.9974531946427456,0.00039321814354775287,0.9999840415152622,0.9999897130485139,0.9949295116629661
1,5.6089113829657435,0.0,408,xgboost,1.040049044745015,"{""colsample_bytree"": 0.55, ""gamma"": 2.027991360516342, ""learning_rate"": 0.02164552489387548, ""max_bin"": 256, ""max_depth"": 3, ""min_child_weight"": 4.762747105846876, ""n_estimators"": 1703, ""reg_alpha"": 0.22466856031873897, ""reg_lambda"": 0.0005642807292455023, ""subsample"": 0.663353346216528}",wifi,refine,ok,0.32018351554870605,17,0.9974517049192597,0.0007401753290310643,0.9999818623213192,0.9999806366195411,0.994935532190557
1,5.048058290965855,0.0,195,xgboost,1.037037175334449,"{""colsample_bytree"": 0.5625477494810126, ""gamma"": 1.8147050687407698, ""learning_rate"": 0.03274278833403807, ""max_bin"": 256, ""max_depth"": 4, ""min_child_weight"": 3.5177873416255228, ""n_estimators"": 1421, ""reg_alpha"": 0.29613735256164964, ""reg_lambda"": 0.0008227141362236751, ""subsample"": 0.8916329355963594}",wifi,refine,ok,0.19927288591861725,18,0.9974468840215379,0.0010408715564499342,0.9999801375482084,0.9999727704109974,0.9949337260322797
1,2.9113468278665096,0.0,27,catboost,1.0047086873708366,"{""bagging_temperature"": 0.4962011116728271, ""border_count"": 128, ""depth"": 9, ""iterations"": 1322, ""l2_leaf_reg"": 0.8931835287478719, ""learning_rate"": 0.0696377779243786, ""random_strength"": 1.0273236797409109}",wifi,coarse,ok,0.028694983778511558,1,0.9975009474794633,0.00427913862096084,0.9999825220196318,0.999888087149259,0.9951251788096694
1,2.6080575950909406,0.0,36,catboost,1.0037827304464957,"{""bagging_temperature"": 0.30941261830317424, ""border_count"": 128, ""depth"": 8, ""iterations"": 2983, ""l2_leaf_reg"": 10.923187998491542, ""learning_rate"": 0.049509354359579226, ""random_strength"": 1.4194086948522544}",wifi,coarse,ok,0.05946875509071455,2,0.9975003485149041,0.004371660537089723,0.9999797460497781,0.9998856678269264,0.9951263829151876
1,7.439404390053824,0.0,290,catboost,0.9476872658563704,"{""bagging_temperature"": 3.4445309394812686, ""border_count"": 64, ""depth"": 10, ""iterations"": 2431, ""l2_leaf_reg"": 5.761443798407321, ""learning_rate"": 0.04378031241956807, ""random_strength"": 6.516122914190668}",wifi,coarse,ok,0.012512174920607539,3,0.9976120058547486,0.009992366941919368,0.9999785884163095,0.9997388042555558,0.9954942371509901
1,2.3222482060082257,0.0,94,catboost,0.9478909540727645,"{""bagging_temperature"": 2.262033971279971, ""border_count"": 64, ""depth"": 7, ""iterations"": 3625, ""l2_leaf_reg"": 3.0531075849263614, ""learning_rate"": 0.19441553096136882, ""random_strength"": 0.5853748929268262}",wifi,coarse,ok,0.01236003608343857,4,0.9975844864114917,0.009969236462887146,0.9999766458028837,0.9997393942215657,0.995438848297154
1,2.7137496611103415,0.0,222,catboost,0.9940546247620967,"{""bagging_temperature"": 1.2915374646129403, ""border_count"": 64, ""depth"": 6, ""iterations"": 4504, ""l2_leaf_reg"": 1.5510033220812625, ""learning_rate"": 0.01202150732851881, ""random_strength"": 1.9875084245476253}",wifi,coarse,ok,0.032627288821954085,5,0.9974874045857959,0.005343140656442995,0.9999725348146131,0.9998602641431137,0.9951257808624285
1,2.4279476411174983,0.0,111,catboost,0.9476153846398516,"{""bagging_temperature"": 3.718212592515751, ""border_count"": 254, ""depth"": 6, ""iterations"": 3259, ""l2_leaf_reg"": 4.459647098881962, ""learning_rate"": 0.17581857099441398, ""random_strength"": 0.6047128417040643}",wifi,coarse,ok,0.012367945588320611,6,0.9975400325461478,0.009992366941919368,0.9999804302579498,0.9997387666642076,0.9953509485943273
1,7.244185815798119,0.0,455,catboost,0.9478998353110346,"{""bagging_temperature"": 4.03028467326536, ""border_count"": 128, ""depth"": 9, ""iterations"": 3898, ""l2_leaf_reg"": 35.29867877762341, ""learning_rate"": 0.04781886672515482, ""random_strength"": 0.046875723479049315}",wifi,coarse,ok,0.01420881816215859,7,0.9975932560488372,0.009969236462887146,0.9999788778213774,0.9997393987911973,0.9954563078271675
1,4.383605035021901,0.0,169,catboost,0.9477822826124205,"{""bagging_temperature"": 2.8408138506482628, ""border_count"": 128, ""depth"": 9, ""iterations"": 2751, ""l2_leaf_reg"": 6.38416567998165, ""learning_rate"": 0.11908036448342552, ""random_strength"": 0.14877058526275624}",wifi,coarse,ok,0.012166608765773445,8,0.9977069464260399,0.009992366941919368,0.9999801121114857,0.9997388538343148,0.9956832817173434
1,5.467462676111609,0.0,113,catboost,0.949745701955948,"{""bagging_temperature"": 4.9334022717425965, ""border_count"": 254, ""depth"": 10, ""iterations"": 4347, ""l2_leaf_reg"": 2.218936294525335, ""learning_rate"": 0.0968576701158867, ""random_strength"": 0.3184549225663166}",wifi,coarse,ok,0.013172080053661052,9,0.997588708409896,0.009784192630629381,0.9999783970469184,0.9997442311424887,0.9954424606137084
1,3.6908756259363145,0.0,401,catboost,0.9486156547123339,"{""bagging_temperature"": 3.8903326748423477, ""border_count"": 128, ""depth"": 6, ""iterations"": 4402, ""l2_leaf_reg"": 20.83610925683523, ""learning_rate"": 0.12081472999164233, ""random_strength"": 1.5696202409829787}",wifi,coarse,ok,0.014120336741664434,10,0.997615023961377,0.009899845025790483,0.9999816201772362,0.9997412230475944,0.9954978494675445
1,2.483876710990444,0.0,164,catboost,0.9475256454942929,"{""bagging_temperature"": 2.2394047660525223, ""border_count"": 64, ""depth"": 6, ""iterations"": 1764, ""l2_leaf_reg"": 2.895902191763296, ""learning_rate"": 0.18561008218529215, ""random_strength"": 0.4227372789234319}",wifi,coarse,ok,0.014219167579639496,11,0.9974505051017052,0.009992366941919368,0.9999761962356268,0.9997387198968427,0.9951727409776373
1,12.171485823113471,0.0,552,catboost,0.9477373861511096,"{""bagging_temperature"": 4.985995408954494, ""border_count"": 254, ""depth"": 10, ""iterations"": 2738, ""l2_leaf_reg"": 5.826283575766878, ""learning_rate"": 0.038142588644194106, ""random_strength"": 0.572696138736594}",wifi,coarse,ok,0.014169103083370495,12,0.9976621996077322,0.009992366941919368,0.999977119251421,0.9997388304683278,0.9955941779089985
1,5.960215735947713,0.0,49,catboost,0.9478106534505455,"{""bagging_temperature"": 1.79341578134471, ""border_count"": 64, ""depth"": 11, ""iterations"": 1630, ""l2_leaf_reg"": 1.07622018711241, ""learning_rate"": 0.05324448965994687, ""random_strength"": 0.36668633057282574}",wifi,refine,ok,0.01022308222035395,13,0.9975040405097876,0.009969236462887146,0.9999795513925872,0.9997393522995356,0.9952787022632368
1,6.5053093531169,0.0,42,catboost,1.0158159521049424,"{""bagging_temperature"": 0.35564678180620063, ""border_count"": 254, ""depth"": 11, ""iterations"": 1671, ""l2_leaf_reg"": 0.7325418418664179, ""learning_rate"": 0.043998481421715946, ""random_strength"": 0.5394487766095957}",wifi,refine,ok,0.045267668003692946,14,0.997505715189247,0.0031688756274142436,0.9999798637967526,0.9999171199860616,0.9951059131213786
1,6.481015807949007,0.0,70,catboost,0.9483018920510446,"{""bagging_temperature"": 0.0, ""border_count"": 64, ""depth"": 11, ""iterations"": 1321, ""l2_leaf_reg"": 0.535951806005315, ""learning_rate"": 0.038119792625666345, ""random_strength"": 0.4729266761020345}",wifi,refine,ok,0.010881778358811043,15,0.9975327696937956,0.009922975504822705,0.9999775481095238,0.9997405760783327,0.9953346931698318
1,2.8038101841229945,0.0,20,catboost,0.9963703200799205,"{""bagging_temperature"": 0.0, ""border_count"": 64, ""depth"": 9, ""iterations"": 1736, ""l2_leaf_reg"": 0.6859144199209442, ""learning_rate"": 0.054246489227395736, ""random_strength"": 0.10804285683878001}",wifi,refine,ok,0.04102024061345184,16,0.9974895069234692,0.005111835866120787,0.9999834363531842,0.9998663122630974,0.9951239747041513
1,4.0482881118077785,0.0,32,catboost,0.9476157142523269,"{""bagging_temperature"": 0.0, ""border_count"": 64, ""depth"": 10, ""iterations"": 1390, ""l2_leaf_reg"": 0.8014790117973052, ""learning_rate"": 0.03809298115873985, ""random_strength"": 0.35299504874339227}",wifi,refine,ok,0.022366868814230136,17,0.9975403349766298,0.009992366941919368,0.999980973897817,0.999738766822177,0.9953515506470864
1,8.806413447950035,0.0,19,catboost,0.9492257414998279,"{""bagging_temperature"": 0.0, ""border_count"": 64, ""depth"": 12, ""iterations"": 1719, ""l2_leaf_reg"": 0.7222307231488329, ""learning_rate"": 0.05762826786870166, ""random_strength"": 0.33991130545855763}",wifi,refine,ok,0.03070536525602118,18,0.9977625639364397,0.009853584067726042,0.9999803648129709,0.9997425076371268,0.995790447108461
1,9.335130636114627,0.0,128,lightgbm,1.0448463312407512,"{""colsample_bytree"": 0.9400250873818755, ""learning_rate"": 0.042871553127088145, ""max_depth"": 8, ""min_child_samples"": 259, ""min_split_gain"": 0.17017232436438934, ""n_estimators"": 1390, ""num_leaves"": 203, ""reg_alpha"": 0.991130762899384, ""reg_lambda"": 0.0025150431526058544, ""subsample"": 0.9789925320856248, ""subsample_freq"": 1}",wifi,coarse,ok,0.5141941270292095,1,0.9973920646451672,0.0002544352693544283,0.9999723857825651,0.9999933428752122,0.9948042846890759
1,13.05485841492191,0.0,80,lightgbm,0.959379466736805,"{""colsample_bytree"": 0.8129182029275368, ""learning_rate"": 0.0661416056804778, ""max_depth"": 12, ""min_child_samples"": 78, ""min_split_gain"": 0.4381103888003405, ""n_estimators"": 1778, ""num_leaves"": 52, ""reg_alpha"": 0.0003040018057179184, ""reg_lambda"": 0.09293646189606537, ""subsample"": 0.9370907751622776, ""subsample_freq"": 1}",wifi,coarse,ok,0.021615703294707096,2,0.9975078971901994,0.008812712511276109,0.9999738931873354,0.9997695777285082,0.9952564263111505
1,11.505497814854607,0.0,161,lightgbm,0.9617368266119344,"{""colsample_bytree"": 0.9944382858121681, ""learning_rate"": 0.03233391417860963, ""max_depth"": 14, ""min_child_samples"": 54, ""min_split_gain"": 0.6995436469655536, ""n_estimators"": 3371, ""num_leaves"": 104, ""reg_alpha"": 0.27579000037018186, ""reg_lambda"": 0.6852061279493383, ""subsample"": 0.7388657848829409, ""subsample_freq"": 1}",wifi,coarse,ok,0.021831214049330933,3,0.9975523419589168,0.008581407720953902,0.9999712372511332,0.9997756427894555,0.9953389075391454
1,9.69352372479625,0.0,97,lightgbm,0.9866978355711723,"{""colsample_bytree"": 0.7110569742574422, ""learning_rate"": 0.028903135790199142, ""max_depth"": -1, ""min_child_samples"": 224, ""min_split_gain"": 0.06029592708202358, ""n_estimators"": 2334, ""num_leaves"": 90, ""reg_alpha"": 0.3971692272555479, ""reg_lambda"": 0.0017455987796731014, ""subsample"": 0.8639540160064052, ""subsample_freq"": 1}",wifi,coarse,ok,0.13551394632851158,4,0.9973010811066926,0.006060185506441838,0.9999721905779628,0.9998414585810543,0.9947735799983625
1,17.06007504509762,0.0,158,lightgbm,1.0127145392396408,"{""colsample_bytree"": 0.7135103442154789, ""learning_rate"": 0.027658380797113823, ""max_depth"": 8, ""min_child_samples"": 212, ""min_split_gain"": 0.8264141063270565, ""n_estimators"": 4623, ""num_leaves"": 31, ""reg_alpha"": 0.0163548259529522, ""reg_lambda"": 19.44558439568249, ""subsample"": 0.8738253967540804, ""subsample_freq"": 1}",wifi,coarse,ok,0.13720419002969447,5,0.9974113450564175,0.0034695718548331134,0.999978254631093,0.9999092397558913,0.9949258993464115
1,10.601847720099613,0.0,162,lightgbm,0.9480465397103361,"{""colsample_bytree"": 0.7646079112638954, ""learning_rate"": 0.06200626142605163, ""max_depth"": -1, ""min_child_samples"": 55, ""min_split_gain"": 0.8028987215381536, ""n_estimators"": 1617, ""num_leaves"": 161, ""reg_alpha"": 1.321020964572875, ""reg_lambda"": 78.83998447210362, ""subsample"": 0.6738287765413358, ""subsample_freq"": 1}",wifi,coarse,ok,0.01609922874703403,6,0.997508878222853,0.009946105983854925,0.9999744265206486,0.9997399592522196,0.995287733054623
1,8.016387348994613,0.0,88,lightgbm,0.972361443454266,"{""colsample_bytree"": 0.8387212752805857, ""learning_rate"": 0.04093443672764695, ""max_depth"": 6, ""min_child_samples"": 45, ""min_split_gain"": 0.9995669381411457, ""n_estimators"": 3790, ""num_leaves"": 120, ""reg_alpha"": 0.0007125011607142315, ""reg_lambda"": 0.7605219938310458, ""subsample"": 0.8828420114015378, ""subsample_freq"": 1}",wifi,coarse,ok,0.04591540292661643,7,0.9973051158136287,0.007494275206439525,0.9999815941006531,0.9998039573982485,0.994818733955294
1,9.049018910853192,0.0,78,lightgbm,0.9483361669177368,"{""colsample_bytree"": 0.6665941485771726, ""learning_rate"": 0.07356680249750089, ""max_depth"": 12, ""min_child_samples"": 78, ""min_split_gain"": 0.3658816536150383, ""n_estimators"": 2253, ""num_leaves"": 175, ""reg_alpha"": 0.8083152026352763, ""reg_lambda"": 0.006748148140608567, ""subsample"": 0.8226107244683603, ""subsample_freq"": 1}",wifi,coarse,ok,0.017786923545248176,8,0.9975672461552293,0.009922975504822705,0.9999735162146919,0.999740593961221,0.9954033271843679
1,9.986194940982386,0.0,114,lightgbm,0.9568426475451823,"{""colsample_bytree"": 0.8037523792203856, ""learning_rate"": 0.04754659994837002, ""max_depth"": 14, ""min_child_samples"": 180, ""min_split_gain"": 0.9511452960680378, ""n_estimators"": 1380, ""num_leaves"": 316, ""reg_alpha"": 0.00016432304886993243, ""reg_lambda"": 0.07446199565739071, ""subsample"": 0.8905286451425772, ""subsample_freq"": 1}",wifi,coarse,ok,0.026558733091460625,9,0.9975154751054226,0.009067147780630537,0.9999730049213,0.9997629318556086,0.9952781002104777
1,9.975228251889348,0.0,111,lightgbm,0.9476549009060851,"{""colsample_bytree"": 0.9072442255345757, ""learning_rate"": 0.04548226885286525, ""max_depth"": 14, ""min_child_samples"": 33, ""min_split_gain"": 0.06726724081998925, ""n_estimators"": 3482, ""num_leaves"": 71, ""reg_alpha"": 0.0326170688905298, ""reg_lambda"": 0.00949743477969167, ""subsample"": 0.8153047610240154, ""subsample_freq"": 1}",wifi,coarse,ok,0.016909514472120638,10,0.9975799517921088,0.009992366941919368,0.9999723706633988,0.9997387875145269,0.9954304195585267
1,11.47994570992887,0.0,179,lightgbm,0.9860416140795346,"{""colsample_bytree"": 0.9544878268609909, ""learning_rate"": 0.012903737208936417, ""max_depth"": 8, ""min_child_samples"": 46, ""min_split_gain"": 0.6555839534649226, ""n_estimators"": 3128, ""num_leaves"": 310, ""reg_alpha"": 0.002064804146137731, ""reg_lambda"": 0.0026792524936917798, ""subsample"": 0.7331017976142182, ""subsample_freq"": 1}",wifi,coarse,ok,0.09417329332427829,11,0.9971070767952785,0.0061064464645062795,0.999980038586377,0.9998401867393736,0.9943888682853056
1,8.478111054981127,0.0,76,lightgbm,0.9722416530423896,"{""colsample_bytree"": 0.6932380085121781, ""learning_rate"": 0.06961309373310594, ""max_depth"": 12, ""min_child_samples"": 242, ""min_split_gain"": 0.846439173384618, ""n_estimators"": 4911, ""num_leaves"": 42, ""reg_alpha"": 0.061628711140418437, ""reg_lambda"": 0.31823955719689123, ""subsample"": 0.9348634964367113, ""subsample_freq"": 1}",wifi,coarse,ok,0.03287001565474607,12,0.9974170639137878,0.007517405685471746,0.9999729196663842,0.9998033965811572,0.9950420955289154
1,12.462042540078983,0.0,177,lightgbm,0.9531129299580043,"{""colsample_bytree"": 0.9419527026788719, ""learning_rate"": 0.030000587204954656, ""max_depth"": -1, ""min_child_samples"": 228, ""min_split_gain"": 0.307536119169335, ""n_estimators"": 1804, ""num_leaves"": 180, ""reg_alpha"": 0.6957398029674845, ""reg_lambda"": 0.0016172558982406997, ""subsample"": 1.0, ""subsample_freq"": 1}",wifi,refine,ok,0.032016609434260664,13,0.9974867655426807,0.00943723544514607,0.9999703773356903,0.9997532462034389,0.9952305380425097
1,11.091192580061033,0.0,136,lightgbm,0.9475568008722919,"{""colsample_bytree"": 1.0, ""learning_rate"": 0.03931655404109588, ""max_depth"": -1, ""min_child_samples"": 214, ""min_split_gain"": 0.12083019738803552, ""n_estimators"": 1334, ""num_leaves"": 183, ""reg_alpha"": 1.2661092715337763, ""reg_lambda"": 0.006474595563271015, ""subsample"": 0.8463955971865966, ""subsample_freq"": 1}",wifi,refine,ok,0.029140015115609715,14,0.9974819625124378,0.009992366941919368,0.9999701555809537,0.9997387363305276,0.9952353544645824
1,7.930158035131171,0.0,82,lightgbm,0.9475078191492226,"{""colsample_bytree"": 0.9013033158768422, ""learning_rate"": 0.06517069698708167, ""max_depth"": -1, ""min_child_samples"": 223, ""min_split_gain"": 0.6016180005503635, ""n_estimators"": 1088, ""num_leaves"": 219, ""reg_alpha"": 2.1100435269779605, ""reg_lambda"": 0.0008165931150084806, ""subsample"": 0.9844634994691884, ""subsample_freq"": 1}",wifi,refine,ok,0.027922397063659135,15,0.9974329606882127,0.009992366941919368,0.9999705576040684,0.9997387107310051,0.9951378219176102
1,8.433383698109537,0.0,83,lightgbm,1.0397494687674689,"{""colsample_bytree"": 0.8289632608710767, ""learning_rate"": 0.06344833543307747, ""max_depth"": 10, ""min_child_samples"": 245, ""min_split_gain"": 0.41031808513608425, ""n_estimators"": 1475, ""num_leaves"": 193, ""reg_alpha"": 0.21893433308709606, ""reg_lambda"": 0.004344278464665363, ""subsample"": 1.0, ""subsample_freq"": 1}",wifi,refine,ok,0.2761451004565652,16,0.9973839292127703,0.0007633058080632849,0.9999719527066244,0.9999800288311056,0.9948012744252804
1,14.60828185803257,0.0,219,lightgbm,0.9697679654511147,"{""colsample_bytree"": 0.905415058517127, ""learning_rate"": 0.024920231493309963, ""max_depth"": -1, ""min_child_samples"": 283, ""min_split_gain"": 0.22825478330846438, ""n_estimators"": 1184, ""num_leaves"": 228, ""reg_alpha"": 0.35896026925680125, ""reg_lambda"": 0.0035242448655850205, ""subsample"": 1.0, ""subsample_freq"": 1}",wifi,refine,ok,0.039336216954938184,17,0.9974878662673482,0.007771840954826174,0.9999701746405617,0.9997967737838181,0.9951895984548917
1,10.27877234807238,0.0,146,lightgbm,1.02840771891953,"{""colsample_bytree"": 0.9065858003843424, ""learning_rate"": 0.038043099494832595, ""max_depth"": 10, ""min_child_samples"": 297, ""min_split_gain"": 0.0, ""n_estimators"": 1085, ""num_leaves"": 212, ""reg_alpha"": 1.7354489466801761, ""reg_lambda"": 0.0020146706293999008, ""subsample"": 1.0, ""subsample_freq"": 1}",wifi,refine,ok,0.15159732755260708,18,0.9973761392245758,0.0018966992806421022,0.9999714500275038,0.9999503768334852,0.9948151216387394
1,21.758277651155367,0.0,,complex_mlp,0.9524824111562563,"{""batch_size"": 32768, ""depth"": 3, ""dropout"": 0.08903451665547672, ""lr"": 0.00023477338947316975, ""weight_decay"": 0.0002150569547040775, ""width"": 384}",wifi,coarse,ok,0.08976109325885773,1,0.9943159496631641,0.009182800175791641,0.9998892650201743,0.999758368543358,0.9889324641296966
1,30.960005211876705,0.0,,complex_mlp,1.0400128142234732,"{""batch_size"": 32768, ""depth"": 4, ""dropout"": 0.10945371600159572, ""lr"": 0.0020004524735246706, ""weight_decay"": 0.00043831852256791986, ""width"": 384}",wifi,coarse,ok,0.14011667668819427,2,0.9948754535830222,0.0004857400596766359,0.9998952247443482,0.9999872269688563,0.9898156755272778
1,17.664011663990095,0.0,,complex_mlp,0.9721205743731719,"{""batch_size"": 65536, ""depth"": 2, ""dropout"": 0.1438699101445338, ""lr"": 0.000927135672860367, ""weight_decay"": 5.905314952285977e-06, ""width"": 640}",wifi,coarse,ok,0.07495663315057755,3,0.9942928265779025,0.007216709458052876,0.9998968475159629,0.999810074916923,0.9888361356882426
1,14.41994263115339,0.0,,complex_mlp,0.9494037942343745,"{""batch_size"": 16384, ""depth"": 3, ""dropout"": 0.3142464717899108, ""lr"": 0.00045540314047391224, ""weight_decay"": 6.701492925320402e-06, ""width"": 256}",wifi,coarse,ok,0.12949375808238983,4,0.994243850436365,0.009483496403210511,0.9998981566022916,0.999750424126804,0.9887976043116611
1,32.04773541400209,0.0,,complex_mlp,1.036310760595201,"{""batch_size"": 16384, ""depth"": 3, ""dropout"": 0.31551272121797924, ""lr"": 0.000679834384478219, ""weight_decay"": 1.9465249813546237e-05, ""width"": 512}",wifi,coarse,ok,0.06445152312517166,5,0.9948739826329007,0.000855827724192168,0.9999011040844413,0.9999774955051833,0.9898222981076278
1,17.285954404855147,0.0,,complex_mlp,0.9625651781453191,"{""batch_size"": 32768, ""depth"": 4, ""dropout"": 0.2620168732591225, ""lr"": 0.0002624360744866446, ""weight_decay"": 0.0002869777082567287, ""width"": 512}",wifi,coarse,ok,0.1148398369550705,6,0.9942208184933808,0.008165059098373928,0.9998990127135491,0.999785096536097,0.9887181333474615
1,19.165878562955186,0.0,,complex_mlp,0.9492424580654659,"{""batch_size"": 16384, ""depth"": 3, ""dropout"": 0.2976491653236343, ""lr"": 9.252368372994574e-05, ""weight_decay"": 2.7987915722592418e-05, ""width"": 640}",wifi,coarse,ok,0.08562464267015457,7,0.99431417153248,0.009506626882242731,0.9998911071082641,0.9997498508843471,0.9889372805517693
1,40.27737250016071,0.0,,complex_mlp,1.0358477964470165,"{""batch_size"": 32768, ""depth"": 2, ""dropout"": 0.22421555802931586, ""lr"": 0.002000395440331353, ""weight_decay"": 1.3445798248641452e-06, ""width"": 640}",wifi,coarse,ok,0.10466274619102478,8,0.9948730764959982,0.0009020886822566095,0.9999121354716891,0.9999762790604318,0.9898216960548687
1,31.50430332007818,0.0,,complex_mlp,1.0358519140152074,"{""batch_size"": 32768, ""depth"": 4, ""dropout"": 0.13813073128604952, ""lr"": 0.0017401061810544526, ""weight_decay"": 0.00032829628640433336, ""width"": 640}",wifi,refine,ok,0.09105139225721359,9,0.9948779422937222,0.0009020886822566095,0.9998971708810259,0.9999762792912739,0.989831328899014
1,31.22973841498606,0.0,,complex_mlp,1.0397825282937103,"{""batch_size"": 32768, ""depth"": 4, ""dropout"": 0.16031208926015694, ""lr"": 0.002039411301052478, ""weight_decay"": 0.0001568080561360421, ""width"": 384}",wifi,refine,ok,0.09602806717157364,10,0.9948766731445754,0.0005088705387088566,0.9998912107244678,0.999986618778112,0.9898186857910732
1,20.798456714022905,0.0,,complex_mlp,1.03746024372645,"{""batch_size"": 16384, ""depth"": 3, ""dropout"": 0.13353752031890115, ""lr"": 0.0024979010515571724, ""weight_decay"": 0.001029297007354666, ""width"": 384}",wifi,refine,ok,0.11640629172325134,11,0.9948681889133395,0.0007401753290310643,0.9998761620684187,0.9999805363098182,0.9898078488414097
1,34.936004946008325,0.0,,complex_mlp,1.033529038841207,"{""batch_size"": 65536, ""depth"": 4, ""dropout"": 0.14680336858043158, ""lr"": 0.004921148523978602, ""weight_decay"": 0.0003870102013364161, ""width"": 640}",wifi,refine,ok,0.07614120095968246,12,0.9948676334746602,0.0011333934725788171,0.9999068018466973,0.9999701968044892,0.989816879632796
