source_relpath,protocol_hint,attack_name,attack_family,label,source_row_index,Header_Length,Protocol Type,Duration,Rate,Srate,Drate,fin_flag_number,syn_flag_number,rst_flag_number,psh_flag_number,ack_flag_number,ece_flag_number,cwr_flag_number,ack_count,syn_count,fin_count,rst_count,HTTP,HTTPS,DNS,Telnet,SMTP,SSH,IRC,TCP,UDP,DHCP,ARP,ICMP,IGMP,IPv,LLC,Tot sum,Min,Max,AVG,Std,Tot size,IAT,Number,Magnitue,Radius,Covariance,Variance,Weight,protocol_used,score_attack,threshold,prediction
Bluetooth/attacks/csv/test/Bluetooth_Benign_test.pcap.csv,bluetooth,Bluetooth_Benign,Benign,0,1,11.2,0.0,0.0,876.3464509089803,0.0,876.3464509089803,0.0,0.0,0.0,0.0,0.0,0.0,0.0,0.0,0.0,0.0,0.0,0.0,0.0,0.0,0.0,0.0,0.0,0.0,0.0,0.0,0.0,0.0,0.0,0.0,0.0,0.0,291.4,11.0,125.7,45.021746031746034,36.11820083200019,59.1,0.0018813848495483,5.5,6.557445406776246,36.11820083200019,0.0,0.0,0.0,bluetooth,0.06212826445698738,0.998250424861908,0
Bluetooth/attacks/csv/test/Bluetooth_Benign_test.pcap.csv,bluetooth,Bluetooth_Benign,Benign,0,2,4.2,0.0,0.0,248.51176942015528,0.0,248.51176942015528,0.0,0.0,0.0,0.0,0.0,0.0,0.0,0.0,0.0,0.0,0.0,0.0,0.0,0.0,0.0,0.0,0.0,0.0,0.0,0.0,0.0,0.0,0.0,0.0,0.0,0.0,801.2,9.2,249.0,51.95554688646407,63.12512349102489,40.1,0.0073592185974121,15.5,7.20207651563284,63.12512349102489,0.0,0.0,0.0,bluetooth,0.011672545224428177,0.998250424861908,0
Bluetooth/attacks/csv/test/Bluetooth_Benign_test.pcap.csv,bluetooth,Bluetooth_Benign,Benign,0,3,14.0,0.0,0.0,155.69858251574337,0.0,155.69858251574337,0.0,0.0,0.0,0.0,0.0,0.0,0.0,0.0,0.0,0.0,0.0,0.0,0.0,0.0,0.0,0.0,0.0,0.0,0.0,0.0,0.0,0.0,0.0,0.0,0.0,0.0,1245.3,8.0,249.0,48.89594741903663,61.08724326024026,45.0,0.0147125959396362,25.5,6.99244976657013,61.08724326024026,0.0,0.0,0.0,bluetooth,0.002804017160087824,0.998250424861908,0
Bluetooth/attacks/csv/test/Bluetooth_Benign_test.pcap.csv,bluetooth,Bluetooth_Benign,Benign,0,4,11.2,0.0,0.0,133.54111294952122,0.0,133.54111294952122,0.0,0.0,0.0,0.0,0.0,0.0,0.0,0.0,0.0,0.0,0.0,0.0,0.0,0.0,0.0,0.0,0.0,0.0,0.0,0.0,0.0,0.0,0.0,0.0,0.0,0.0,1886.6,8.0,249.0,52.947336333908105,63.133898803634814,76.3,0.0061877965927124,35.5,7.273570716571871,63.133898803634814,0.0,0.0,0.0,bluetooth,0.002804017160087824,0.998250424861908,0
Bluetooth/attacks/csv/test/Bluetooth_Benign_test.pcap.csv,bluetooth,Bluetooth_Benign,Benign,0,5,12.6,0.0,0.0,123.36591411693284,0.0,123.36591411693284,0.0,0.0,0.0,0.0,0.0,0.0,0.0,0.0,0.0,0.0,0.0,0.0,0.0,0.0,0.0,0.0,0.0,0.0,0.0,0.0,0.0,0.0,0.0,0.0,0.0,0.0,2496.8,8.0,249.0,54.84014265717124,63.79846377975184,63.0,0.0143966913223266,45.5,7.404952335285538,63.79846377975184,0.0,0.0,0.0,bluetooth,0.002804017160087824,0.998250424861908,0
Bluetooth/attacks/csv/test/Bluetooth_Benign_test.pcap.csv,bluetooth,Bluetooth_Benign,Benign,0,6,11.2,0.0,0.0,122.45656776089012,0.0,122.45656776089012,0.0,0.0,0.0,0.0,0.0,0.0,0.0,0.0,0.0,0.0,0.0,0.0,0.0,0.0,0.0,0.0,0.0,0.0,0.0,0.0,0.0,0.0,0.0,0.0,0.0,0.0,3066.9,8.0,249.0,55.25136863679196,64.80149023841986,53.2,0.001178503036499,55.5,7.432785398912648,64.80149023841986,0.0,0.0,0.0,bluetooth,0.002804017160087824,0.998250424861908,0
Bluetooth/attacks/csv/test/Bluetooth_Benign_test.pcap.csv,bluetooth,Bluetooth_Benign,Benign,0,7,7.0,0.0,0.0,141.2945205859995,0.0,141.2945205859995,0.0,0.0,0.0,0.0,0.0,0.0,0.0,0.0,0.0,0.0,0.0,0.0,0.0,0.0,0.0,0.0,0.0,0.0,0.0,0.0,0.0,0.0,0.0,0.0,0.0,0.0,3489.2,8.0,249.0,53.33240384675658,64.07044091252182,21.3,0.000969910621643,65.5,7.302250730084651,64.07044091252182,0.0,0.0,0.0,bluetooth,0.0017415389884263277,0.998250424861908,0
Bluetooth/attacks/csv/test/Bluetooth_Benign_test.pcap.csv,bluetooth,Bluetooth_Benign,Benign,0,8,8.4,0.0,0.0,146.02837585828655,0.0,146.02837585828655,0.0,0.0,0.0,0.0,0.0,0.0,0.0,0.0,0.0,0.0,0.0,0.0,0.0,0.0,0.0,0.0,0.0,0.0,0.0,0.0,0.0,0.0,0.0,0.0,0.0,0.0,3941.1,8.0,249.0,52.20708255946096,64.38362781180756,51.6,0.0085260868072509,75.5,7.225239038286615,64.38362781180756,0.0,0.0,0.0,bluetooth,0.003459893399849534,0.998250424861908,0
Bluetooth/attacks/csv/test/Bluetooth_Benign_test.pcap.csv,bluetooth,Bluetooth_Benign,Benign,0,9,0.0,0.0,0.0,152.696324673059,0.0,152.696324673059,0.0,0.0,0.0,0.0,0.0,0.0,0.0,0.0,0.0,0.0,0.0,0.0,0.0,0.0,0.0,0.0,0.0,0.0,0.0,0.0,0.0,0.0,0.0,0.0,0.0,0.0,4175.8,8.0,249.0,48.88176333923069,61.90001659085601,13.2,0.0014391183853149,85.5,6.990977655732247,61.90001659085601,0.0,0.0,0.0,bluetooth,0.0017415389884263277,0.998250424861908,0
Bluetooth/attacks/csv/test/Bluetooth_Benign_test.pcap.csv,bluetooth,Bluetooth_Benign,Benign,0,10,4.2,0.0,0.0,142.89664764587744,0.0,142.89664764587744,0.0,0.0,0.0,0.0,0.0,0.0,0.0,0.0,0.0,0.0,0.0,0.0,0.0,0.0,0.0,0.0,0.0,0.0,0.0,0.0,0.0,0.0,0.0,0.0,0.0,0.0,4579.1,8.0,251.6,47.95927942425693,63.795001875822834,63.2,0.1359636783599853,95.5,6.924976479634172,63.795001875822834,0.0,0.0,0.0,bluetooth,0.00602382468059659,0.998250424861908,0
Bluetooth/attacks/csv/test/Bluetooth_Benign_test.pcap.csv,bluetooth,Bluetooth_Benign,Benign,0,11,4.2,0.0,0.0,52.99405784950511,0.0,52.99405784950511,0.0,0.0,0.0,0.0,0.0,0.0,0.0,0.0,0.0,0.0,0.0,0.0,0.0,0.0,0.0,0.0,0.0,0.0,0.0,0.0,0.0,0.0,0.0,0.0,0.0,0.0,5017.5,8.0,262.0,47.58188259514185,64.08933085825088,22.1,0.0096983194351196,105.5,6.897691866367859,64.08933085825088,0.0,0.0,0.0,bluetooth,0.0017415389884263277,0.998250424861908,0
Bluetooth/attacks/csv/test/Bluetooth_Benign_test.pcap.csv,bluetooth,Bluetooth_Benign,Benign,0,12,7.0,0.0,0.0,56.91137182203058,0.0,56.91137182203058,0.0,0.0,0.0,0.0,0.0,0.0,0.0,0.0,0.0,0.0,0.0,0.0,0.0,0.0,0.0,0.0,0.0,0.0,0.0,0.0,0.0,0.0,0.0,0.0,0.0,0.2,5212.5,8.0,262.0,45.14257258074871,61.857739266933166,25.0,0.0010520935058593,115.5,6.718713108544742,61.857739266933166,0.0,0.0,0.0,bluetooth,0.008240371942520142,0.998250424861908,0
Bluetooth/attacks/csv/test/Bluetooth_Benign_test.pcap.csv,bluetooth,Bluetooth_Benign,Benign,0,13,7.0,0.0,0.0,61.534739869237,0.0,61.534739869237,0.0,0.0,0.0,0.0,0.0,0.0,0.0,0.0,0.0,0.0,0.0,0.0,0.0,0.0,0.0,0.0,0.0,0.0,0.0,0.0,0.0,0.0,0.0,0.0,0.0,0.3,5455.0,8.0,262.0,43.47607442675583,59.7039487742633,23.4,0.0010787010192871,125.5,6.593555715289514,59.7039487742633,0.0,0.0,0.0,bluetooth,0.0021766412537544966,0.998250424861908,0
Bluetooth/attacks/csv/test/Bluetooth_Benign_test.pcap.csv,bluetooth,Bluetooth_Benign,Benign,0,14,5.6,0.0,0.0,66.01075889556698,0.0,66.01075889556698,0.0,0.0,0.0,0.0,0.0,0.0,0.0,0.0,0.0,0.0,0.0,0.0,0.0,0.0,0.0,0.0,0.0,0.0,0.0,0.0,0.0,0.0,0.0,0.0,0.0,0.2,5651.0,8.0,262.0,41.71641623414634,57.84909057407209,16.3,0.0015138864517211,135.5,6.458684879469795,57.84909057407209,0.0,0.0,0.0,bluetooth,0.0017415389884263277,0.998250424861908,0
Bluetooth/attacks/csv/test/Bluetooth_Benign_test.pcap.csv,bluetooth,Bluetooth_Benign,Benign,0,15,0.0,0.0,0.0,66.18124074905128,0.0,66.18124074905128,0.0,0.0,0.0,0.0,0.0,0.0,0.0,0.0,0.0,0.0,0.0,0.0,0.0,0.0,0.0,0.0,0.0,0.0,0.0,0.0,0.0,0.0,0.0,0.0,0.0,0.0,5797.5,8.0,262.0,39.85604236607877,56.255135613374726,12.5,0.0159156084060668,145.5,6.313018737101442,56.255135613374726,0.0,0.0,0.0,bluetooth,0.0017415389884263277,0.998250424861908,0
Bluetooth/attacks/csv/test/Bluetooth_Benign_test.pcap.csv,bluetooth,Bluetooth_Benign,Benign,0,16,5.6,0.0,0.0,69.89379244310888,0.0,69.89379244310888,0.0,0.0,0.0,0.0,0.0,0.0,0.0,0.0,0.0,0.0,0.0,0.0,0.0,0.0,0.0,0.0,0.0,0.0,0.0,0.0,0.0,0.0,0.0,0.0,0.0,0.2,5938.0,8.0,262.0,38.19367146249001,54.793050463342354,16.7,0.0009696006774902,155.5,6.180022556884926,54.793050463342354,0.0,0.0,0.0,bluetooth,0.0017415389884263277,0.998250424861908,0
Bluetooth/attacks/csv/test/Bluetooth_Benign_test.pcap.csv,bluetooth,Bluetooth_Benign,Benign,0,17,1.4,0.0,0.0,56.23249750321586,0.0,56.23249750321586,0.0,0.0,0.0,0.0,0.0,0.0,0.0,0.0,0.0,0.0,0.0,0.0,0.0,0.0,0.0,0.0,0.0,0.0,0.0,0.0,0.0,0.0,0.0,0.0,0.0,0.0,6083.2,8.0,262.0,36.764085274976,53.42465481215736,11.5,0.0835184097290039,165.5,6.063232131803267,53.42465481215736,0.0,0.0,0.0,bluetooth,0.0012708482099696994,0.998250424861908,0
Bluetooth/attacks/csv/test/Bluetooth_Benign_test.pcap.csv,bluetooth,Bluetooth_Benign,Benign,0,18,7.0,0.0,0.0,56.175444166973136,0.0,56.175444166973136,0.0,0.0,0.0,0.0,0.0,0.0,0.0,0.0,0.0,0.0,0.0,0.0,0.0,0.0,0.0,0.0,0.0,0.0,0.0,0.0,0.0,0.0,0.0,0.0,0.0,0.0,6239.3,8.0,262.0,35.55352243634562,52.18739459901495,25.6,0.0162288904190063,175.5,5.962659610910677,52.18739459901495,0.0,0.0,0.0,bluetooth,0.008240371942520142,0.998250424861908,0
Bluetooth/attacks/csv/test/Bluetooth_Benign_test.pcap.csv,bluetooth,Bluetooth_Benign,Benign,0,19,14.0,0.0,0.0,57.052409678169326,0.0,57.052409678169326,0.0,0.0,0.0,0.0,0.0,0.0,0.0,0.0,0.0,0.0,0.0,0.0,0.0,0.0,0.0,0.0,0.0,0.0,0.0,0.0,0.0,0.0,0.0,0.0,0.0,0.0,6643.9,8.0,262.0,35.8139289976276,50.84478268755719,44.7,0.0043881893157958,185.5,5.984461397340061,50.84478268755719,0.0,0.0,0.0,bluetooth,0.002804017160087824,0.998250424861908,0
Bluetooth/attacks/csv/test/Bluetooth_Benign_test.pcap.csv,bluetooth,Bluetooth_Benign,Benign,0,20,14.0,0.0,0.0,57.78915987426292,0.0,57.78915987426292,0.0,0.0,0.0,0.0,0.0,0.0,0.0,0.0,0.0,0.0,0.0,0.0,0.0,0.0,0.0,0.0,0.0,0.0,0.0,0.0,0.0,0.0,0.0,0.0,0.0,0.0,7076.1,8.0,262.0,36.19390730795262,49.588498305378565,41.9,0.0174750089645385,195.5,6.016133415176592,49.588498305378565,0.0,0.0,0.0,bluetooth,0.002804017160087824,0.998250424861908,0
WiFI_and_MQTT/attacks/csv/test/MQTT-DDoS-Connect_Flood_test.pcap.csv,mqtt,MQTT-DDoS-Connect_Flood,DDoS,1,1,88.1,6.0,64.0,365599.2407537501,365599.2407537501,0.0,0.12,0.17,0.24,0.16,0.6,0.0,0.0,0.12,0.17,0.31,0.85,0.0,0.0,0.0,0.0,0.0,0.0,0.0,1.0,0.0,0.0,0.0,0.0,0.0,1.0,1.0,713.38,60.94,77.58,68.42469206163634,5.929567678369215,66.5,101600456.74997827,9.5,11.692729262208417,8.38617788174865,46.4826570675313,0.93,141.55,mqtt,0.9999979734420776,0.8607712984085083,1
WiFI_and_MQTT/attacks/csv/test/MQTT-DDoS-Connect_Flood_test.pcap.csv,mqtt,MQTT-DDoS-Connect_Flood,DDoS,1,2,98.69,6.0,64.0,173299.3495528593,173299.3495528593,0.0,0.16,0.17,0.28,0.23,0.69,0.0,0.0,0.16,0.17,0.4,1.08,0.0,0.0,0.0,0.0,0.0,0.0,0.0,1.0,0.0,0.0,0.0,0.0,0.0,1.0,1.0,692.09,59.08,73.78,66.11540543340388,5.319531965796487,65.31,84667047.2917197,9.5,11.491471193202509,7.499204269366774,40.138856529575065,0.9,141.55,mqtt,0.9999983310699463,0.8607712984085083,1
WiFI_and_MQTT/attacks/csv/test/MQTT-DDoS-Connect_Flood_test.pcap.csv,mqtt,MQTT-DDoS-Connect_Flood,DDoS,1,3,129.7,6.0,64.0,25389.13526571046,25389.13526571046,0.0,0.31,0.21,0.08,0.26,0.76,0.0,0.0,0.31,0.21,0.14,1.58,0.0,0.0,0.0,0.0,0.0,0.0,0.0,1.0,0.0,0.0,0.0,0.0,0.0,1.0,1.0,733.14,62.65,79.38,69.71557420683892,5.981992585034179,69.55,84667047.29178856,9.5,11.804752260935818,8.460064505522773,44.83621638805607,0.93,141.55,mqtt,0.9999983310699463,0.8607712984085083,1
WiFI_and_MQTT/attacks/csv/test/MQTT-DDoS-Connect_Flood_test.pcap.csv,mqtt,MQTT-DDoS-Connect_Flood,DDoS,1,4,98.67,6.0,64.0,81750.71556831652,81750.71556831652,0.0,0.18,0.17,0.16,0.26,0.76,0.0,0.0,0.18,0.17,0.16,1.22,0.0,0.0,0.0,0.0,0.0,0.0,0.0,1.0,0.0,0.0,0.0,0.0,0.0,1.0,1.0,701.48,61.81,76.3,66.89802262048238,5.176418716321328,67.12,84667047.29194568,9.5,11.56048902950993,7.306211991829068,41.10905486140405,0.91,141.55,mqtt,0.9999986886978149,0.8607712984085083,1
WiFI_and_MQTT/attacks/csv/test/MQTT-DDoS-Connect_Flood_test.pcap.csv,mqtt,MQTT-DDoS-Connect_Flood,DDoS,1,5,116.56,6.0,64.0,110477.71198554376,110477.71198554376,0.0,0.24,0.18,0.14,0.19,0.8,0.0,0.0,0.24,0.2,0.2,1.47,0.0,0.0,0.0,0.0,0.0,0.0,0.0,1.0,0.0,0.0,0.0,0.0,0.0,1.0,1.0,701.88,61.08,73.88,66.4575886150743,4.608652572697084,67.27,84667047.29211836,9.5,11.524923022498788,6.512228297097615,29.548997569830348,0.89,141.55,mqtt,0.9999977350234985,0.8607712984085083,1
WiFI_and_MQTT/attacks/csv/test/MQTT-DDoS-Connect_Flood_test.pcap.csv,mqtt,MQTT-DDoS-Connect_Flood,DDoS,1,6,118.2,6.0,64.0,259751.367362044,259751.367362044,0.0,0.29,0.29,0.09,0.22,0.73,0.0,0.0,0.29,0.29,0.14,1.38,0.0,0.0,0.0,0.0,0.0,0.0,0.0,1.0,0.0,0.0,0.0,0.0,0.0,1.0,1.0,734.46,63.92,77.9,69.83628087328049,5.388198110978481,69.75,84667047.2923081,9.5,11.81319639366777,7.584323816479256,38.19698616139219,0.94,141.55,mqtt,0.9999983310699463,0.8607712984085083,1
WiFI_and_MQTT/attacks/csv/test/MQTT-DDoS-Connect_Flood_test.pcap.csv,mqtt,MQTT-DDoS-Connect_Flood,DDoS,1,7,106.56,6.0,64.0,829565.3291825933,829565.3291825933,0.0,0.13,0.13,0.41,0.16,0.46,0.0,0.0,0.13,0.13,0.63,0.88,0.0,0.0,0.0,0.0,0.0,0.0,0.0,1.0,0.0,0.0,0.0,0.0,0.0,1.0,1.0,673.02,54.6,77.79,63.13750800236056,8.610964060835842,64.79,84667047.2925248,9.5,11.232792560666512,12.163784611795911,86.92755571199437,0.9,141.55,mqtt,0.9999977350234985,0.8607712984085083,1
WiFI_and_MQTT/attacks/csv/test/MQTT-DDoS-Connect_Flood_test.pcap.csv,mqtt,MQTT-DDoS-Connect_Flood,DDoS,1,8,107.44,6.0,64.0,342020.7600162953,342020.7600162953,0.0,0.2,0.15,0.19,0.2,0.78,0.0,0.0,0.2,0.15,0.26,1.32,0.0,0.0,0.0,0.0,0.0,0.0,0.0,1.0,0.0,0.0,0.0,0.0,0.0,1.0,1.0,699.67,61.08,74.8,66.31558613312211,5.166696545473371,66.59,84667047.29283231,9.5,11.506002283871933,7.299216761332138,35.13026524046668,0.9,141.55,mqtt,0.9999978542327881,0.8607712984085083,1
WiFI_and_MQTT/attacks/csv/test/MQTT-DDoS-Connect_Flood_test.pcap.csv,mqtt,MQTT-DDoS-Connect_Flood,DDoS,1,9,121.94,6.0,64.0,441532.241243875,441532.241243875,0.0,0.19,0.22,0.29,0.18,0.49,0.0,0.0,0.25,0.22,0.45,1.17,0.0,0.0,0.0,0.0,0.0,0.0,0.0,1.0,0.0,0.0,0.0,0.0,0.0,1.0,1.0,696.89,60.12,77.12,66.8022469552721,5.942107814528773,66.13,84667047.29303035,9.5,11.55000729752419,8.401829110296596,49.79859807756479,0.91,141.55,mqtt,0.9999967813491821,0.8607712984085083,1
WiFI_and_MQTT/attacks/csv/test/MQTT-DDoS-Connect_Flood_test.pcap.csv,mqtt,MQTT-DDoS-Connect_Flood,DDoS,1,10,127.26,6.0,64.0,182581.4728699063,182581.4728699063,0.0,0.18,0.12,0.46,0.14,0.42,0.0,0.0,0.26,0.12,0.66,1.17,0.0,0.0,0.0,0.0,0.0,0.0,0.0,1.0,0.0,0.0,0.0,0.0,0.0,1.0,1.0,661.95,54.12,77.89,61.7636794533296,8.539131607135964,63.79,84667047.29316723,9.5,11.109716825378914,12.082358306435836,83.56018222709002,0.9,141.55,mqtt,0.9999978542327881,0.8607712984085083,1
WiFI_and_MQTT/attacks/csv/test/MQTT-DDoS-Connect_Flood_test.pcap.csv,mqtt,MQTT-DDoS-Connect_Flood,DDoS,1,11,103.84,6.0,64.0,227498.75718547983,227498.75718547983,0.0,0.14,0.16,0.29,0.14,0.62,0.0,0.0,0.15,0.16,0.42,1.07,0.0,0.0,0.0,0.0,0.0,0.0,0.0,1.0,0.0,0.0,0.0,0.0,0.0,1.0,1.0,680.43,58.13,74.87,64.49332100639299,6.351625254034528,65.51,84667047.29324506,9.5,11.34739288807654,8.98880606243202,50.75792679761699,0.88,141.55,mqtt,0.9999973773956299,0.8607712984085083,1
WiFI_and_MQTT/attacks/csv/test/MQTT-DDoS-Connect_Flood_test.pcap.csv,mqtt,MQTT-DDoS-Connect_Flood,DDoS,1,12,126.81,6.0,64.0,270340.1200305128,270340.1200305128,0.0,0.2,0.19,0.15,0.24,0.7,0.0,0.0,0.23,0.19,0.26,1.45,0.0,0.0,0.0,0.0,0.0,0.0,0.0,1.0,0.0,0.0,0.0,0.0,0.0,1.0,1.0,721.5,60.72,78.36,68.49309278380719,6.185826963308042,68.61,84667047.29333061,9.5,11.699475269011504,8.75087046731371,46.92571949494039,0.92,141.55,mqtt,0.9999986886978149,0.8607712984085083,1
WiFI_and_MQTT/attacks/csv/test/MQTT-DDoS-Connect_Flood_test.pcap.csv,mqtt,MQTT-DDoS-Connect_Flood,DDoS,1,13,112.4,6.0,64.0,47825.92699809632,47825.92699809632,0.0,0.18,0.2,0.19,0.22,0.76,0.0,0.0,0.18,0.2,0.29,1.34,0.0,0.0,0.0,0.0,0.0,0.0,0.0,1.0,0.0,0.0,0.0,0.0,0.0,1.0,1.0,699.41,60.2,76.14,66.50076567880863,5.4144429205620055,66.97,84667047.29338394,9.5,11.524494580244683,7.653219157140331,36.613406394759096,0.92,141.55,mqtt,0.9999983310699463,0.8607712984085083,1
WiFI_and_MQTT/attacks/csv/test/MQTT-DDoS-Connect_Flood_test.pcap.csv,mqtt,MQTT-DDoS-Connect_Flood,DDoS,1,14,95.46,6.0,64.0,218027.3633963076,218027.3633963076,0.0,0.12,0.11,0.28,0.16,0.68,0.0,0.0,0.12,0.11,0.32,1.08,0.0,0.0,0.0,0.0,0.0,0.0,0.0,1.0,0.0,0.0,0.0,0.0,0.0,1.0,1.0,695.16,58.32,77.45,66.55982457532149,6.356789004726421,65.67,84667047.293558,9.5,11.534784085444858,8.985157603035155,50.24987967957044,0.88,141.55,mqtt,0.9999973773956299,0.8607712984085083,1
WiFI_and_MQTT/attacks/csv/test/MQTT-DDoS-Connect_Flood_test.pcap.csv,mqtt,MQTT-DDoS-Connect_Flood,DDoS,1,15,103.92,6.0,64.0,33134.79873731331,33134.79873731331,0.0,0.1,0.24,0.29,0.13,0.66,0.0,0.0,0.11,0.24,0.53,1.02,0.0,0.0,0.0,0.0,0.0,0.0,0.0,1.0,0.0,0.0,0.0,0.0,0.0,1.0,1.0,687.86,57.12,76.84,65.24421535585158,6.6526051443535,66.12,84667047.29373135,9.5,11.413951126426277,9.403615652555436,54.81493972437267,0.89,141.55,mqtt,0.9999973773956299,0.8607712984085083,1
WiFI_and_MQTT/attacks/csv/test/MQTT-DDoS-Connect_Flood_test.pcap.csv,mqtt,MQTT-DDoS-Connect_Flood,DDoS,1,16,106.7,6.0,64.0,139503.22465588886,139503.22465588886,0.0,0.11,0.2,0.28,0.15,0.67,0.0,0.0,0.16,0.2,0.37,1.19,0.0,0.0,0.0,0.0,0.0,0.0,0.0,1.0,0.0,0.0,0.0,0.0,0.0,1.0,1.0,696.48,58.48,76.74,66.18286503683795,6.671763630195772,65.99,84667047.29390015,9.5,11.498884478424449,9.431664312120102,57.15042025129184,0.91,141.55,mqtt,0.9999973773956299,0.8607712984085083,1
WiFI_and_MQTT/attacks/csv/test/MQTT-DDoS-Connect_Flood_test.pcap.csv,mqtt,MQTT-DDoS-Connect_Flood,DDoS,1,17,157.78,6.0,64.0,3334.861916394182,3334.861916394182,0.0,0.23,0.19,0.0,0.28,0.99,0.0,0.0,0.25,0.69,0.0,1.76,0.0,0.0,0.0,0.0,0.0,0.0,0.0,1.0,0.0,0.0,0.0,0.0,0.0,1.0,1.0,720.07,66.2,73.64,68.67685477731763,2.928508840344205,68.87,84667047.29397605,9.5,11.71838932369162,4.1282828100980185,9.4454812801503,0.92,141.55,mqtt,0.9999982118606567,0.8607712984085083,1
WiFI_and_MQTT/attacks/csv/test/MQTT-DDoS-Connect_Flood_test.pcap.csv,mqtt,MQTT-DDoS-Connect_Flood,DDoS,1,18,108.92,6.0,64.0,117769.34312410916,117769.34312410916,0.0,0.12,0.03,0.44,0.15,0.56,0.0,0.0,0.15,0.03,0.65,1.04,0.0,0.0,0.0,0.0,0.0,0.0,0.0,1.0,0.0,0.0,0.0,0.0,0.0,1.0,1.0,668.46,55.29,77.69,63.8888471801676,7.817493398666425,63.81,84667047.29410036,9.5,11.29265878401486,11.06608823926356,70.86188679990822,0.91,141.55,mqtt,0.9999972581863403,0.8607712984085083,1
WiFI_and_MQTT/attacks/csv/test/MQTT-DDoS-Connect_Flood_test.pcap.csv,mqtt,MQTT-DDoS-Connect_Flood,DDoS,1,19,133.35,6.0,64.0,245485.66398478925,245485.66398478925,0.0,0.22,0.09,0.27,0.22,0.68,0.0,0.0,0.26,0.1,0.47,1.46,0.0,0.0,0.0,0.0,0.0,0.0,0.0,1.0,0.0,0.0,0.0,0.0,0.0,1.0,1.0,699.38,56.45,78.86,66.2539471526066,7.747962440424161,66.9,84667047.29424801,9.5,11.504387454423425,10.960893111153895,69.44851241392925,0.95,141.55,mqtt,0.9999982118606567,0.8607712984085083,1
WiFI_and_MQTT/attacks/csv/test/MQTT-DDoS-Connect_Flood_test.pcap.csv,mqtt,MQTT-DDoS-Connect_Flood,DDoS,1,20,138.67,6.0,64.0,76963.5486931243,76963.5486931243,0.0,0.22,0.09,0.27,0.3,0.64,0.0,0.0,0.27,0.09,0.41,1.53,0.0,0.0,0.0,0.0,0.0,0.0,0.0,1.0,0.0,0.0,0.0,0.0,0.0,1.0,1.0,726.62,58.64,81.98,69.89616325792372,9.182871243788052,68.49,84667047.29439393,9.5,11.813034544803006,12.987329411239497,93.9511973783278,0.94,141.55,mqtt,0.9999971389770508,0.8607712984085083,1
WiFI_and_MQTT/attacks/csv/test/ARP_Spoofing_test.pcap.csv,wifi,ARP_Spoofing,Spoofing,1,1,3609.0,17.0,64.0,212.9614977723726,212.9614977723726,0.0,0.0,0.0,0.0,0.0,0.0,0.0,0.0,0.0,0.0,0.0,0.0,0.0,0.0,0.0,0.0,0.0,0.0,0.0,0.0,1.0,0.0,0.0,0.0,0.0,1.0,1.0,3609.0,154.8,1228.4,610.0088888888888,487.4092996797132,673.2,169402747.0809622,5.5,34.69535543626026,689.3008420338226,279086.09952733683,0.9,38.5,wifi,0.240467831492424,0.2261005938053131,1
WiFI_and_MQTT/attacks/csv/test/ARP_Spoofing_test.pcap.csv,wifi,ARP_Spoofing,Spoofing,1,2,9531.4,17.0,64.0,442.954430116393,442.954430116393,0.0,0.0,0.0,0.0,0.0,0.0,0.0,0.0,0.0,0.0,0.0,0.0,0.0,0.0,0.0,0.0,0.0,0.0,0.0,0.0,1.0,0.0,0.0,0.0,0.0,1.0,1.0,9531.4,118.0,1414.0,619.8201443894943,511.5185665607868,500.4,169402747.0853638,13.5,35.198403901137894,725.0486761770828,264633.89642192645,1.0,244.6,wifi,0.9719546437263489,0.2261005938053131,1
WiFI_and_MQTT/attacks/csv/test/ARP_Spoofing_test.pcap.csv,wifi,ARP_Spoofing,Spoofing,1,3,6372.4,11.5,64.0,28457.581789617405,28457.581789617405,0.0,0.0,0.0,0.0,0.3,0.5,0.0,0.0,0.0,0.0,0.0,0.7,0.0,0.0,0.0,0.0,0.0,0.0,0.0,0.5,0.5,0.0,0.0,0.0,0.0,1.0,1.0,1379.5,117.8,486.0,279.24662698412703,176.0070571090169,201.5,0.0084564924240112,5.5,23.432540732799247,248.9115672369476,34444.026195751445,0.9,38.5,wifi,0.05011240765452385,0.2261005938053131,0
WiFI_and_MQTT/attacks/csv/test/ARP_Spoofing_test.pcap.csv,wifi,ARP_Spoofing,Spoofing,1,4,129.2,6.0,64.0,105851.13694510877,105851.13694510877,0.0,0.0,0.0,0.0,0.5,1.0,0.0,0.0,0.0,0.0,0.0,1.5,0.0,0.0,0.0,0.0,0.0,0.0,0.0,1.0,0.0,0.0,0.0,0.0,0.0,1.0,1.0,2457.9,66.0,486.0,161.31149976614375,161.9864277192771,81.3,169402747.0924886,13.5,17.959288319801555,229.5424702546504,26471.574324152887,1.0,244.6,wifi,0.997201681137085,0.2261005938053131,1
WiFI_and_MQTT/attacks/csv/test/ARP_Spoofing_test.pcap.csv,wifi,ARP_Spoofing,Spoofing,1,5,12130.7,14.8,81.4,4896.846315088838,4896.846315088838,0.0,0.0,0.0,0.0,0.1,0.2,0.0,0.0,0.0,0.0,0.0,0.3,0.0,0.1,0.0,0.0,0.0,0.0,0.0,0.2,0.8,0.0,0.0,0.0,0.0,1.0,1.0,1740.3,66.0,453.6,291.78511904761905,159.59455122388326,325.9,0.0115785837173461,5.5,23.749588685278898,225.7007788216633,28511.557769699542,0.9,38.5,wifi,0.010471452958881855,0.2261005938053131,0
WiFI_and_MQTT/attacks/csv/test/ARP_Spoofing_test.pcap.csv,wifi,ARP_Spoofing,Spoofing,1,6,7038.8,6.8,25.6,125.60343724602716,125.60343724602716,0.0,0.0,0.0,0.0,0.0,0.0,0.0,0.0,0.0,0.0,0.0,0.0,0.0,0.0,0.0,0.0,0.0,0.0,0.0,0.0,0.4,0.0,0.6,0.0,0.0,0.4,0.4,4198.6,44.4,694.0,275.3969653879832,216.39395674444032,210.6,169402747.1199928,13.5,23.384147298163764,305.9546580085725,46819.25409875538,1.0,244.6,wifi,0.9713369607925415,0.2261005938053131,1
WiFI_and_MQTT/attacks/csv/test/ARP_Spoofing_test.pcap.csv,wifi,ARP_Spoofing,Spoofing,1,7,17802.9,17.0,64.0,99.89014475451576,99.89014475451576,0.0,0.0,0.0,0.0,0.0,0.0,0.0,0.0,0.0,0.0,0.0,0.0,0.0,0.0,0.0,0.0,0.0,0.0,0.0,0.0,1.0,0.0,0.0,0.0,0.0,1.0,1.0,1602.2,86.0,426.8,261.5211507936508,147.089049790484,319.1,0.0170562982559204,5.5,22.582309665827825,208.01532909027395,24176.441790989546,0.9,38.5,wifi,0.011139542795717716,0.2261005938053131,0
WiFI_and_MQTT/attacks/csv/test/ARP_Spoofing_test.pcap.csv,wifi,ARP_Spoofing,Spoofing,1,8,20687.7,15.9,81.4,80.92864263933055,80.92864263933055,0.0,0.0,0.0,0.0,0.0,0.1,0.0,0.0,0.0,0.0,0.0,0.2,0.0,0.1,0.0,0.0,0.0,0.0,0.0,0.1,0.9,0.0,0.0,0.0,0.0,1.0,1.0,4831.2,74.0,486.0,311.5057561672074,166.37054324016236,330.4,169402747.1546449,13.5,24.94184346876231,235.78150754825376,27822.784684359824,1.0,244.6,wifi,0.9914283156394958,0.2261005938053131,1
WiFI_and_MQTT/attacks/csv/test/ARP_Spoofing_test.pcap.csv,wifi,ARP_Spoofing,Spoofing,1,9,20857.5,14.8,64.0,67.846200435996,67.846200435996,0.0,0.0,0.0,0.0,0.1,0.2,0.0,0.0,0.0,0.0,0.0,0.7,0.0,0.2,0.0,0.0,0.0,0.0,0.0,0.2,0.8,0.0,0.0,0.0,0.0,1.0,1.0,1399.8,108.0,486.0,265.05599206349206,165.3682213072822,300.7,0.0137689113616943,5.5,22.77376592324665,233.8659813582739,30529.86867402053,0.9,38.5,wifi,0.012315139174461365,0.2261005938053131,0
WiFI_and_MQTT/attacks/csv/test/ARP_Spoofing_test.pcap.csv,wifi,ARP_Spoofing,Spoofing,1,10,29603.0,17.0,64.0,78.53183400685472,78.53183400685472,0.0,0.0,0.0,0.0,0.0,0.0,0.0,0.0,0.0,0.0,0.0,0.0,0.0,0.0,0.0,0.0,0.0,0.0,0.0,0.0,1.0,0.0,0.0,0.0,0.0,1.0,1.0,5224.0,66.0,639.6,334.50918117872834,200.71545495931903,409.2,169402747.1902123,13.5,25.856876553452583,284.5570859429962,40511.067642160735,1.0,244.6,wifi,0.9795522093772888,0.2261005938053131,1
WiFI_and_MQTT/attacks/csv/test/ARP_Spoofing_test.pcap.csv,wifi,ARP_Spoofing,Spoofing,1,11,33306.2,17.0,64.0,75.29875910276576,75.29875910276576,0.0,0.0,0.0,0.0,0.0,0.0,0.0,0.0,0.0,0.0,0.0,0.0,0.0,0.0,0.0,0.0,0.0,0.0,0.0,0.0,1.0,0.0,0.0,0.0,0.0,1.0,1.0,1828.2,86.0,446.0,308.6006349206349,156.36337670065768,327.6,0.0146666049957275,5.5,24.535788520672224,221.13120798852333,27324.71711766188,0.9,38.5,wifi,0.011139542795717716,0.2261005938053131,0
WiFI_and_MQTT/attacks/csv/test/ARP_Spoofing_test.pcap.csv,wifi,ARP_Spoofing,Spoofing,1,12,219.4,6.0,64.0,15988.183957049396,15988.183957049396,0.0,0.0,0.0,0.0,0.5,1.0,0.0,0.0,0.0,0.0,0.0,2.7,0.0,0.0,0.0,0.0,0.0,0.0,0.0,1.0,0.0,0.0,0.0,0.0,0.0,1.0,1.0,3705.0,67.8,486.0,244.88595072368287,178.54116129411707,78.4,169402747.19472867,13.5,22.11971846410798,252.7122230400559,31941.293769604257,1.0,244.6,wifi,0.9978979825973511,0.2261005938053131,1
WiFI_and_MQTT/attacks/csv/test/ARP_Spoofing_test.pcap.csv,wifi,ARP_Spoofing,Spoofing,1,13,219.4,6.0,64.0,17147.92613211074,17147.92613211074,0.0,0.0,0.0,0.0,0.5,1.0,0.0,0.0,0.0,0.0,0.0,2.7,0.0,0.0,0.0,0.0,0.0,0.0,0.0,1.0,0.0,0.0,0.0,0.0,0.0,1.0,1.0,447.2,70.5,111.0,84.91551587301586,15.225100870318368,78.4,7.929801940917969e-05,5.5,13.014505717203036,21.53154413930265,262.760578026581,0.9,38.5,wifi,0.029825834557414055,0.2261005938053131,0
WiFI_and_MQTT/attacks/csv/test/ARP_Spoofing_test.pcap.csv,wifi,ARP_Spoofing,Spoofing,1,14,32968.0,15.3,57.6,72.79251478594765,72.79251478594765,0.0,0.0,0.0,0.0,0.0,0.0,0.0,0.0,0.0,0.0,0.0,0.0,0.0,0.0,0.0,0.0,0.0,0.0,0.0,0.0,0.9,0.0,0.1,0.0,0.0,0.9,0.9,2835.2,65.4,562.8,176.45002500251726,165.4761018518697,361.8,169402747.22040632,13.5,18.72471685247971,234.30219000472025,28431.71482386793,1.0,244.6,wifi,0.981635570526123,0.2261005938053131,1
WiFI_and_MQTT/attacks/csv/test/ARP_Spoofing_test.pcap.csv,wifi,ARP_Spoofing,Spoofing,1,15,40257.0,17.0,64.0,71.0973779021028,71.0973779021028,0.0,0.0,0.0,0.0,0.0,0.0,0.0,0.0,0.0,0.0,0.0,0.0,0.0,0.0,0.0,0.0,0.0,0.0,0.0,0.0,1.0,0.0,0.0,0.0,0.0,1.0,1.0,1945.0,183.6,486.0,378.24126984126985,125.0402362823927,324.4,0.0168807029724121,5.5,27.43702183895353,176.8335979928961,19260.14948652053,0.9,38.5,wifi,0.009872469119727612,0.2261005938053131,0
WiFI_and_MQTT/attacks/csv/test/ARP_Spoofing_test.pcap.csv,wifi,ARP_Spoofing,Spoofing,1,16,43451.4,17.0,64.0,69.91277909267961,69.91277909267961,0.0,0.0,0.0,0.0,0.0,0.0,0.0,0.0,0.0,0.0,0.0,0.0,0.0,0.0,0.0,0.0,0.0,0.0,0.0,0.0,1.0,0.0,0.0,0.0,0.0,1.0,1.0,5139.4,86.0,486.0,331.6927311079013,161.6530282254535,319.6,169402747.2546606,13.5,25.803276616483195,227.90972338228,25981.8546898645,1.0,244.6,wifi,0.9888977408409119,0.2261005938053131,1
WiFI_and_MQTT/attacks/csv/test/ARP_Spoofing_test.pcap.csv,wifi,ARP_Spoofing,Spoofing,1,17,47685.8,17.0,64.0,70.37406329955454,70.37406329955454,0.0,0.0,0.0,0.0,0.0,0.0,0.0,0.0,0.0,0.0,0.0,0.0,0.0,0.0,0.0,0.0,0.0,0.0,0.0,0.0,1.0,0.0,0.0,0.0,0.0,1.0,1.0,2933.8,241.2,1086.0,540.3568253968253,328.3845544782373,628.4,0.006415581703186,5.5,32.70121821142844,464.40589061696966,138986.99545477453,0.9,38.5,wifi,0.0033719781786203384,0.2261005938053131,0
WiFI_and_MQTT/attacks/csv/test/ARP_Spoofing_test.pcap.csv,wifi,ARP_Spoofing,Spoofing,1,18,54925.0,17.0,64.0,75.70599353349468,75.70599353349468,0.0,0.0,0.0,0.0,0.0,0.0,0.0,0.0,0.0,0.0,0.0,0.0,0.0,0.0,0.0,0.0,0.0,0.0,0.0,0.0,1.0,0.0,0.0,0.0,0.0,1.0,1.0,10173.0,118.0,1414.0,651.5592394258649,580.8820719634372,766.0,169402747.2483151,13.5,35.983702588385384,820.3965257777076,336814.5144208571,1.0,244.6,wifi,0.9668407440185547,0.2261005938053131,1
WiFI_and_MQTT/attacks/csv/test/ARP_Spoofing_test.pcap.csv,wifi,ARP_Spoofing,Spoofing,1,19,62585.0,17.0,64.0,81.212993141986,81.212993141986,0.0,0.0,0.0,0.0,0.0,0.0,0.0,0.0,0.0,0.0,0.0,0.0,0.0,0.0,0.0,0.0,0.0,0.0,0.0,0.0,1.0,0.0,0.0,0.0,0.0,1.0,1.0,3889.0,118.0,1284.4,650.1828571428572,577.1189248254307,766.0,0.0005231142044067,5.5,35.386414436022235,816.1694105903027,370193.0370612245,0.9,38.5,wifi,0.003769343951717019,0.2261005938053131,0
WiFI_and_MQTT/attacks/csv/test/ARP_Spoofing_test.pcap.csv,wifi,ARP_Spoofing,Spoofing,1,20,69816.2,17.0,64.0,86.28691590899604,86.28691590899604,0.0,0.0,0.0,0.0,0.0,0.0,0.0,0.0,0.0,0.0,0.0,0.0,0.0,0.0,0.0,0.0,0.0,0.0,0.0,0.0,1.0,0.0,0.0,0.0,0.0,1.0,1.0,11120.2,118.0,1414.0,717.5676825616764,625.0691018127674,710.0,169402747.25118342,13.5,37.78446377600193,883.4031269735842,390424.6424989423,1.0,244.6,wifi,0.9668407440185547,0.2261005938053131,1
